spp,treatment,treat,source,block,end_biomass,final_height,survived
FAGR,B-L,B,L,1,0.331,10,1
FAGR,PC-M,PC,M,1,0.476,9,1
FAGR,PC-L,PC,L,1,0.469,9,1
FAGR,B-M,B,M,1,0.325,8,1
FAGR,B-H,B,H,2,0.324,7.5,1
FAGR,B-H,B,H,1,0.2,7.5,1
FAGR,PC-H,PC,H,3,0.311,7,1
FAGR,B-H,B,H,2,0.282,7,1
FAGR,B-L,B,L,2,0.352,6,1
FAGR,B-L,B,L,2,0.187,6,1
FAGR,B-M,B,M,1,0.095,6,1
FAGR,PC-H,PC,H,3,0.293,5.5,1
FAGR,B-L,B,L,1,0.106,5.5,1
FAGR,B-H,B,H,1,0.081,5.5,1
FAGR,B-L,B,L,2,0.08,5.5,1
FAGR,B-L,B,L,2,0.079,5.5,1
FAGR,B-M,B,M,2,0.066,5.5,1
FAGR,PC-M,PC,M,1,0.307,5,1
FAGR,B-L,B,L,2,0.192,5,1
FAGR,B-M,B,M,1,0.171,5,1
FAGR,B-L,B,L,1,0.087,5,1
FAGR,PC-H,PC,H,3,0.066,5,1
FAGR,PC-H,PC,H,3,0.058,5,1
FAGR,B-M,B,M,2,0.057,5,1
FAGR,B-L,B,L,2,0.048,5,1
FAGR,PC-L,PC,L,2,0.416,4.5,1
FAGR,B-L,B,L,2,0.364,4.5,1
FAGR,B-L,B,L,1,0.246,4.5,1
FAGR,B-L,B,L,3,0.218,4.5,1
FAGR,FC-M,FC,M,2,0.157,4.5,1
FAGR,FC-M,FC,M,3,0.142,4.5,1
FAGR,FC-H,FC,H,2,0.131,4.5,1
FAGR,FA-M,FA,M,3,0.078,4.5,1
FAGR,B-H,B,H,2,0.076,4.5,1
FAGR,FA-L,FA,L,3,0.074,4.5,1
FAGR,PC-H,PC,H,1,0.072,4.5,1
FAGR,B-L,B,L,1,0.07,4.5,1
FAGR,B-M,B,M,3,0.069,4.5,1
FAGR,FC-L,FC,L,2,0.068,4.5,1
FAGR,FA-H,FA,H,3,0.067,4.5,1
FAGR,PC-L,PC,L,3,0.062,4.5,1
FAGR,PC-M,PC,M,3,0.061,4.5,1
FAGR,FA-M,FA,M,2,0.06,4.5,1
FAGR,FA-M,FA,M,1,0.058,4.5,1
FAGR,PC-L,PC,L,1,0.056,4.5,1
FAGR,PC-L,PC,L,2,0.048,4.5,1
FAGR,PC-H,PC,H,1,0.048,4.5,1
FAGR,PC-H,PC,H,1,0.042,4.5,1
FAGR,B-H,B,H,1,0.3,4,1
FAGR,PC-M,PC,M,2,0.249,4,1
FAGR,PC-M,PC,M,3,0.196,4,1
FAGR,PC-H,PC,H,1,0.176,4,1
FAGR,PC-L,PC,L,3,0.168,4,1
FAGR,B-M,B,M,2,0.163,4,1
FAGR,FA-L,FA,L,1,0.152,4,1
FAGR,FC-M,FC,M,2,0.146,5,1
FAGR,PC-M,PC,M,1,0.083,4,1
FAGR,B-L,B,L,3,0.081,4,1
FAGR,FA-H,FA,H,3,0.077,4,1
FAGR,FA-L,FA,L,3,0.071,4,1
FAGR,FA-H,FA,H,2,0.066,4,1
FAGR,FC-L,FC,L,3,0.066,4,1
FAGR,PC-M,PC,M,2,0.066,4,1
FAGR,B-L,B,L,2,0.065,4,1
FAGR,FA-M,FA,M,3,0.065,4,1
FAGR,PC-M,PC,M,1,0.065,4,1
FAGR,B-L,B,L,3,0.064,4,1
FAGR,B-M,B,M,1,0.064,4,1
FAGR,B-M,B,M,3,0.064,4,1
FAGR,FA-M,FA,M,3,0.063,4,1
FAGR,FA-H,FA,H,3,0.061,4,1
FAGR,B-H,B,H,3,0.059,4,1
FAGR,FA-H,FA,H,2,0.059,4,1
FAGR,PC-M,PC,M,2,0.058,4,1
FAGR,FA-M,FA,M,2,0.056,4,1
FAGR,PC-H,PC,H,3,0.056,4,1
FAGR,B-M,B,M,2,0.055,4,1
FAGR,B-M,B,M,3,0.055,4,1
FAGR,B-L,B,L,1,0.054,4,1
FAGR,PC-M,PC,M,3,0.054,4,1
FAGR,PC-H,PC,H,3,0.054,4,1
FAGR,PC-H,PC,H,2,0.054,4,1
FAGR,FA-H,FA,H,3,0.053,4,1
FAGR,B-L,B,L,1,0.051,4,1
FAGR,FA-L,FA,L,3,0.051,4,1
FAGR,FA-L,FA,L,1,0.05,4,1
FAGR,PC-M,PC,M,1,0.05,4,1
FAGR,PC-L,PC,L,2,0.049,4,1
FAGR,PC-M,PC,M,1,0.046,4,1
FAGR,B-M,B,M,2,0.044,4,1
FAGR,B-M,B,M,3,0.044,4,1
FAGR,PC-H,PC,H,2,0.044,4,1
FAGR,FA-H,FA,H,2,0.043,4,1
FAGR,PC-H,PC,H,1,0.041,4,1
FAGR,B-H,B,H,3,0.04,4,1
FAGR,PC-M,PC,M,1,0.038,4,1
FAGR,PC-H,PC,H,3,0.239,3.5,1
FAGR,B-L,B,L,1,0.092,3.5,1
FAGR,B-H,B,H,3,0.077,3.5,1
FAGR,FC-H,FC,H,3,0.074,3.5,1
FAGR,PC-H,PC,H,1,0.074,3.5,1
FAGR,PC-L,PC,L,3,0.069,3.5,1
FAGR,B-M,B,M,1,0.067,3.5,1
FAGR,PC-M,PC,M,2,0.065,3.5,1
FAGR,FA-H,FA,H,2,0.064,3.5,1
FAGR,FA-L,FA,L,1,0.063,3.5,1
FAGR,FC-L,FC,L,2,0.063,3.5,1
FAGR,FC-L,FC,L,3,0.063,3.5,1
FAGR,FC-H,FC,H,2,0.062,3.5,1
FAGR,FA-L,FA,L,1,0.061,3.5,1
FAGR,FC-H,FC,H,3,0.06,3.5,1
FAGR,FC-H,FC,H,3,0.059,3.5,1
FAGR,B-H,B,H,1,0.057,3.5,1
FAGR,B-H,B,H,2,0.054,3.5,1
FAGR,PC-M,PC,M,1,0.052,3.5,1
FAGR,B-H,B,H,2,0.051,3.5,1
FAGR,PC-M,PC,M,2,0.049,3.5,1
FAGR,B-H,B,H,2,0.047,3.5,1
FAGR,FA-L,FA,L,3,0.047,3.5,1
FAGR,FC-L,FC,L,3,0.047,3.5,1
FAGR,FC-L,FC,L,3,0.046,3.5,1
FAGR,FC-M,FC,M,3,0.046,5,1
FAGR,FA-M,FA,M,3,0.044,3.5,1
FAGR,PC-L,PC,L,1,0.042,3.5,1
FAGR,PC-H,PC,H,1,0.042,3.5,1
FAGR,PC-L,PC,L,3,0.034,3.5,1
FAGR,B-H,B,H,1,0.029,3.5,1
FAGR,B-L,B,L,3,0.04,3,1
FAGR,B-L,B,L,1,0.117,3,1
FAGR,B-L,B,L,1,0.092,3,1
FAGR,B-L,B,L,1,0.06,3,1
FAGR,B-L,B,L,3,0.033,3,1
FAGR,FC-L,FC,L,1,0.1,3,1
FAGR,FA-L,FA,L,1,0.164,3,1
FAGR,FA-M,FA,M,3,0.155,3,1
FAGR,FA-L,FA,L,1,0.107,3,1
FAGR,FA-H,FA,H,2,0.1,3,1
FAGR,FA-M,FA,M,3,0.074,3,1
FAGR,B-L,B,L,3,0.351,3,1
FAGR,B-M,B,M,3,0.343,3,1
FAGR,FA-L,FA,L,1,0.251,3,1
FAGR,FC-H,FC,H,1,0.188,3,1
FAGR,PC-H,PC,H,1,0.168,3,1
FAGR,B-M,B,M,3,0.161,3,1
FAGR,PC-M,PC,M,3,0.155,3,1
FAGR,PC-L,PC,L,1,0.148,3,1
FAGR,B-L,B,L,3,0.126,3,1
FAGR,PC-L,PC,L,1,0.121,3,1
FAGR,FA-M,FA,M,3,0.114,3,1
FAGR,FC-M,FC,M,3,0.11,3,1
FAGR,FC-M,FC,M,1,0.1,3,1
FAGR,FA-L,FA,L,2,0.093,3,1
FAGR,B-H,B,H,1,0.092,3,1
FAGR,B-H,B,H,3,0.091,3,1
FAGR,FC-H,FC,H,1,0.088,3,1
FAGR,FC-L,FC,L,3,0.079,3,1
FAGR,FC-L,FC,L,1,0.078,3,1
FAGR,B-H,B,H,1,0.077,3,1
FAGR,FA-H,FA,H,1,0.075,3,1
FAGR,FC-H,FC,H,2,0.075,3,1
FAGR,FA-L,FA,L,2,0.072,3,1
FAGR,FA-H,FA,H,3,0.07,3,1
FAGR,B-M,B,M,2,0.069,3,1
FAGR,FA-H,FA,H,2,0.068,3,1
FAGR,B-M,B,M,3,0.067,3,1
FAGR,B-H,B,H,3,0.066,3,1
FAGR,FA-H,FA,H,1,0.064,3,1
FAGR,FA-H,FA,H,3,0.064,3,1
FAGR,FC-L,FC,L,2,0.064,3,1
FAGR,FC-L,FC,L,1,0.064,3,1
FAGR,B-L,B,L,3,0.063,3,1
FAGR,FC-M,FC,M,3,0.062,3,1
FAGR,FC-L,FC,L,2,0.061,3,1
FAGR,B-H,B,H,2,0.058,3,1
FAGR,FC-L,FC,L,3,0.058,3,1
FAGR,FC-M,FC,M,2,0.058,3,1
FAGR,B-H,B,H,1,0.056,3,1
FAGR,FA-L,FA,L,3,0.056,3,1
FAGR,FC-L,FC,L,1,0.056,3,1
FAGR,PC-M,PC,M,2,0.054,3,1
FAGR,B-L,B,L,3,0.053,3,1
FAGR,FC-M,FC,M,1,0.053,3,1
FAGR,B-L,B,L,3,0.052,3,1
FAGR,B-M,B,M,1,0.052,3,1
FAGR,FC-H,FC,H,1,0.052,3,1
FAGR,PC-L,PC,L,2,0.052,3,1
FAGR,FA-L,FA,L,3,0.051,3,1
FAGR,FC-M,FC,M,3,0.051,3,1
FAGR,FA-H,FA,H,2,0.05,3,1
FAGR,FA-H,FA,H,3,0.05,3,1
FAGR,FC-L,FC,L,2,0.05,3,1
FAGR,FC-H,FC,H,3,0.05,3,1
FAGR,PC-L,PC,L,3,0.047,3,1
FAGR,B-M,B,M,1,0.046,3,1
FAGR,FA-L,FA,L,3,0.046,3,1
FAGR,FA-M,FA,M,1,0.046,3,1
FAGR,FC-L,FC,L,3,0.046,3,1
FAGR,B-H,B,H,3,0.045,3,1
FAGR,FC-H,FC,H,2,0.045,3,1
FAGR,PC-M,PC,M,1,0.045,3,1
FAGR,PC-M,PC,M,2,0.045,3,1
FAGR,B-L,B,L,2,0.044,3,1
FAGR,PC-M,PC,M,2,0.043,3,1
FAGR,PC-H,PC,H,3,0.043,3,1
FAGR,FA-H,FA,H,3,0.042,3,1
FAGR,FA-L,FA,L,3,0.041,3,1
FAGR,FA-H,FA,H,2,0.041,3,1
FAGR,PC-M,PC,M,1,0.041,3,1
FAGR,B-L,B,L,1,0.04,3,1
FAGR,FA-H,FA,H,3,0.04,3,1
FAGR,FA-H,FA,H,3,0.039,3,1
FAGR,FC-H,FC,H,3,0.039,3,1
FAGR,PC-L,PC,L,2,0.039,3,1
FAGR,PC-M,PC,M,1,0.039,3,1
FAGR,PC-M,PC,M,3,0.038,3,1
FAGR,FC-L,FC,L,1,0.036,3,1
FAGR,FC-H,FC,H,1,0.035,3,1
FAGR,FC-H,FC,H,3,0.035,3,1
FAGR,PC-M,PC,M,2,0.033,3,1
FAGR,PC-H,PC,H,1,0.033,3,1
FAGR,PC-H,PC,H,2,0.234,2.5,1
FAGR,PC-L,PC,L,3,0.177,2.5,1
FAGR,B-M,B,M,3,0.122,2.5,1
FAGR,FC-L,FC,L,2,0.1,2.5,1
FAGR,FC-L,FC,L,2,0.064,2.5,1
FAGR,PC-M,PC,M,3,0.063,2.5,1
FAGR,FC-L,FC,L,1,0.062,2.5,1
FAGR,B-M,B,M,2,0.059,2.5,1
FAGR,PC-H,PC,H,3,0.059,2.5,1
FAGR,FC-L,FC,L,3,0.058,2.5,1
FAGR,B-H,B,H,2,0.056,2.5,1
FAGR,FA-L,FA,L,1,0.055,2.5,1
FAGR,FC-M,FC,M,2,0.055,2.5,1
FAGR,FC-M,FC,M,2,0.055,2.5,1
FAGR,B-H,B,H,1,0.051,2.5,1
FAGR,FA-L,FA,L,1,0.05,2.5,1
FAGR,PC-M,PC,M,2,0.05,2.5,1
FAGR,FA-H,FA,H,1,0.049,2.5,1
FAGR,FC-H,FC,H,2,0.046,2.5,1
FAGR,B-L,B,L,3,0.045,2.5,1
FAGR,FC-M,FC,M,1,0.044,2.5,1
FAGR,FC-L,FC,L,2,0.041,2.5,1
FAGR,B-L,B,L,1,0.04,2.5,1
FAGR,PC-L,PC,L,3,0.04,2.5,1
FAGR,FC-M,FC,M,3,0.034,2.5,1
FAGR,FC-L,FC,L,2,0.026,2.5,1
FAGR,FC-M,FC,M,1,0.156,2,1
FAGR,PC-L,PC,L,2,0.12,2,1
FAGR,PC-H,PC,H,2,0.12,2,1
FAGR,B-M,B,M,1,0.102,2,1
FAGR,FC-L,FC,L,2,0.1,2,1
FAGR,FA-L,FA,L,3,0.08,2,1
FAGR,FA-H,FA,H,1,0.079,2,1
FAGR,FA-L,FA,L,3,0.073,2,1
FAGR,B-M,B,M,1,0.06,2,1
FAGR,B-M,B,M,1,0.06,2,1
FAGR,FC-M,FC,M,1,0.058,2,1
FAGR,PC-L,PC,L,1,0.058,2,1
FAGR,B-M,B,M,1,0.057,2,1
FAGR,FA-L,FA,L,2,0.057,2,1
FAGR,PC-M,PC,M,1,0.051,2,1
FAGR,FA-M,FA,M,1,0.05,2,1
FAGR,PC-L,PC,L,3,0.05,2,1
FAGR,PC-H,PC,H,1,0.05,2,1
FAGR,FA-H,FA,H,3,0.049,2,1
FAGR,FC-H,FC,H,1,0.049,2,1
FAGR,PC-H,PC,H,2,0.049,2,1
FAGR,FA-L,FA,L,2,0.048,2,1
FAGR,FA-M,FA,M,2,0.048,2,1
FAGR,FA-M,FA,M,2,0.046,2,1
FAGR,FC-L,FC,L,1,0.044,2,1
FAGR,PC-H,PC,H,2,0.044,2,1
FAGR,FA-M,FA,M,2,0.04,2,1
FAGR,PC-M,PC,M,1,0.039,2,1
FAGR,PC-M,PC,M,2,0.038,2,1
FAGR,B-H,B,H,1,0.037,2,1
FAGR,PC-L,PC,L,2,0.036,2,1
FAGR,PC-H,PC,H,2,0.036,2,1
FAGR,FA-M,FA,M,3,0.035,2,1
FAGR,FC-H,FC,H,3,0.035,2,1
FAGR,B-M,B,M,3,0.034,2,1
FAGR,B-H,B,H,2,0.034,2,1
FAGR,PC-L,PC,L,1,0.032,2,1
FAGR,PC-H,PC,H,2,0.03,2,1
FAGR,PC-H,PC,H,2,0.03,2,1
FAGR,FC-M,FC,M,1,0.027,2,1
FAGR,PC-L,PC,L,1,0.027,2,1
FAGR,PC-L,PC,L,3,0.2,1.5,1
FAGR,FC-H,FC,H,1,0.089,1.5,1
FAGR,PC-M,PC,M,3,0.079,1.5,1
FAGR,FC-L,FC,L,1,0.068,1.5,1
FAGR,PC-M,PC,M,2,0.053,1.5,1
FAGR,B-H,B,H,3,0.051,1.5,1
FAGR,B-M,B,M,3,0.05,1.5,1
FAGR,FC-M,FC,M,1,0.05,1.5,1
FAGR,PC-L,PC,L,1,0.041,1.5,1
FAGR,FA-M,FA,M,1,0.04,1.5,1
FAGR,B-M,B,M,3,0.038,1.5,1
FAGR,FA-H,FA,H,2,0.038,1.5,1
FAGR,FC-L,FC,L,1,0.036,1.5,1
FAGR,PC-L,PC,L,1,0.036,1.5,1
FAGR,FA-H,FA,H,2,0.034,1.5,1
FAGR,PC-H,PC,H,1,0.033,1.5,1
FAGR,B-H,B,H,2,0.03,1.5,1
FAGR,PC-L,PC,L,2,0.05,1,1
FAGR,PC-L,PC,L,2,0.047,1,1
FAGR,FA-M,FA,M,3,0.04,0.5,1
FAGR,FA-M,FA,M,2,0.047,,0
FAGR,B-L,B,L,1,,,0
FAGR,B-L,B,L,1,,,0
FAGR,B-L,B,L,2,,,0
FAGR,B-L,B,L,2,,,0
FAGR,B-L,B,L,3,,,0
FAGR,B-L,B,L,3,,,0
FAGR,B-L,B,L,1,,,0
FAGR,B-L,B,L,1,,,0
FAGR,B-L,B,L,1,,,0
FAGR,B-L,B,L,2,,,0
FAGR,B-L,B,L,2,,,0
FAGR,B-L,B,L,2,,,0
FAGR,B-L,B,L,2,,,0
FAGR,B-L,B,L,2,,,0
FAGR,B-L,B,L,2,,,0
FAGR,B-L,B,L,3,,,0
FAGR,B-L,B,L,3,,,0
FAGR,B-L,B,L,3,,,0
FAGR,B-L,B,L,3,,,0
FAGR,B-L,B,L,3,,,0
FAGR,B-L,B,L,2,,,0
FAGR,B-M,B,M,1,,,0
FAGR,B-M,B,M,1,,,0
FAGR,B-M,B,M,1,,,0
FAGR,B-M,B,M,2,,,0
FAGR,B-M,B,M,2,,,0
FAGR,B-M,B,M,2,,,0
FAGR,B-M,B,M,2,,,0
FAGR,B-M,B,M,2,,,0
FAGR,B-M,B,M,3,,,0
FAGR,B-M,B,M,3,,,0
FAGR,B-M,B,M,3,,,0
FAGR,B-M,B,M,1,,,0
FAGR,B-M,B,M,1,,,0
FAGR,B-M,B,M,2,,,0
FAGR,B-M,B,M,2,,,0
FAGR,B-M,B,M,2,,,0
FAGR,B-M,B,M,2,,,0
FAGR,B-M,B,M,3,,,0
FAGR,B-M,B,M,3,,,0
FAGR,B-M,B,M,1,,,0
FAGR,B-M,B,M,1,,,0
FAGR,B-M,B,M,2,,,0
FAGR,B-M,B,M,2,,,0
FAGR,B-M,B,M,3,,,0
FAGR,B-M,B,M,3,,,0
FAGR,B-H,B,H,1,,,0
FAGR,B-H,B,H,1,,,0
FAGR,B-H,B,H,1,,,0
FAGR,B-H,B,H,1,,,0
FAGR,B-H,B,H,2,,,0
FAGR,B-H,B,H,2,,,0
FAGR,B-H,B,H,2,,,0
FAGR,B-H,B,H,2,,,0
FAGR,B-H,B,H,3,,,0
FAGR,B-H,B,H,3,,,0
FAGR,B-H,B,H,3,,,0
FAGR,B-H,B,H,3,,,0
FAGR,B-H,B,H,1,,,0
FAGR,B-H,B,H,1,,,0
FAGR,B-H,B,H,2,,,0
FAGR,B-H,B,H,2,,,0
FAGR,B-H,B,H,2,,,0
FAGR,B-H,B,H,3,,,0
FAGR,B-H,B,H,3,,,0
FAGR,B-H,B,H,3,,,0
FAGR,B-H,B,H,3,,,0
FAGR,B-H,B,H,1,,,0
FAGR,B-H,B,H,1,,,0
FAGR,B-H,B,H,2,,,0
FAGR,B-H,B,H,3,,,0
FAGR,B-H,B,H,3,,,0
FAGR,B-H,B,H,3,,,0
FAGR,FA-L,FA,L,1,,,0
FAGR,FA-L,FA,L,1,,,0
FAGR,FA-L,FA,L,2,,,0
FAGR,FA-L,FA,L,2,,,0
FAGR,FA-L,FA,L,2,,,0
FAGR,FA-L,FA,L,2,,,0
FAGR,FA-L,FA,L,2,,,0
FAGR,FA-L,FA,L,3,,,0
FAGR,FA-L,FA,L,3,,,0
FAGR,FA-L,FA,L,3,,,0
FAGR,FA-L,FA,L,3,,,0
FAGR,FA-L,FA,L,1,,,0
FAGR,FA-L,FA,L,1,,,0
FAGR,FA-L,FA,L,1,,,0
FAGR,FA-L,FA,L,1,,,0
FAGR,FA-L,FA,L,2,,,0
FAGR,FA-L,FA,L,2,,,0
FAGR,FA-L,FA,L,2,,,0
FAGR,FA-L,FA,L,2,,,0
FAGR,FA-L,FA,L,3,,,0
FAGR,FA-L,FA,L,3,,,0
FAGR,FA-L,FA,L,1,,,0
FAGR,FA-L,FA,L,1,,,0
FAGR,FA-L,FA,L,1,,,0
FAGR,FA-L,FA,L,2,,,0
FAGR,FA-L,FA,L,2,,,0
FAGR,FA-L,FA,L,2,,,0
FAGR,FA-L,FA,L,2,,,0
FAGR,FA-L,FA,L,2,,,0
FAGR,FA-L,FA,L,3,,,0
FAGR,FA-L,FA,L,3,,,0
FAGR,FA-M,FA,M,1,,,0
FAGR,FA-M,FA,M,1,,,0
FAGR,FA-M,FA,M,1,,,0
FAGR,FA-M,FA,M,1,,,0
FAGR,FA-M,FA,M,1,,,0
FAGR,FA-M,FA,M,1,,,0
FAGR,FA-M,FA,M,2,,,0
FAGR,FA-M,FA,M,2,,,0
FAGR,FA-M,FA,M,2,,,0
FAGR,FA-M,FA,M,2,,,0
FAGR,FA-M,FA,M,2,,,0
FAGR,FA-M,FA,M,2,,,0
FAGR,FA-M,FA,M,3,,,0
FAGR,FA-M,FA,M,3,,,0
FAGR,FA-M,FA,M,3,,,0
FAGR,FA-M,FA,M,3,,,0
FAGR,FA-M,FA,M,1,,,0
FAGR,FA-M,FA,M,1,,,0
FAGR,FA-M,FA,M,1,,,0
FAGR,FA-M,FA,M,1,,,0
FAGR,FA-M,FA,M,2,,,0
FAGR,FA-M,FA,M,2,,,0
FAGR,FA-M,FA,M,2,,,0
FAGR,FA-M,FA,M,3,,,0
FAGR,FA-M,FA,M,1,,,0
FAGR,FA-M,FA,M,1,,,0
FAGR,FA-M,FA,M,1,,,0
FAGR,FA-M,FA,M,1,,,0
FAGR,FA-M,FA,M,2,,,0
FAGR,FA-M,FA,M,2,,,0
FAGR,FA-M,FA,M,2,,,0
FAGR,FA-M,FA,M,3,,,0
FAGR,FA-M,FA,M,3,,,0
FAGR,FA-M,FA,M,3,,,0
FAGR,FA-M,FA,M,3,,,0
FAGR,FA-H,FA,H,1,,,0
FAGR,FA-H,FA,H,1,,,0
FAGR,FA-H,FA,H,1,,,0
FAGR,FA-H,FA,H,1,,,0
FAGR,FA-H,FA,H,1,,,0
FAGR,FA-H,FA,H,1,,,0
FAGR,FA-H,FA,H,2,,,0
FAGR,FA-H,FA,H,2,,,0
FAGR,FA-H,FA,H,2,,,0
FAGR,FA-H,FA,H,2,,,0
FAGR,FA-H,FA,H,3,,,0
FAGR,FA-H,FA,H,3,,,0
FAGR,FA-H,FA,H,3,,,0
FAGR,FA-H,FA,H,3,,,0
FAGR,FA-H,FA,H,3,,,0
FAGR,FA-H,FA,H,3,,,0
FAGR,FA-H,FA,H,1,,,0
FAGR,FA-H,FA,H,1,,,0
FAGR,FA-H,FA,H,1,,,0
FAGR,FA-H,FA,H,2,,,0
FAGR,FA-H,FA,H,2,,,0
FAGR,FA-H,FA,H,2,,,0
FAGR,FA-H,FA,H,1,,,0
FAGR,FA-H,FA,H,1,,,0
FAGR,FA-H,FA,H,1,,,0
FAGR,FA-H,FA,H,1,,,0
FAGR,FA-H,FA,H,1,,,0
FAGR,FA-H,FA,H,2,,,0
FAGR,FA-H,FA,H,3,,,0
FAGR,FC-L,FC,L,1,,,0
FAGR,FC-L,FC,L,1,,,0
FAGR,FC-L,FC,L,1,,,0
FAGR,FC-L,FC,L,1,,,0
FAGR,FC-L,FC,L,2,,,0
FAGR,FC-L,FC,L,2,,,0
FAGR,FC-L,FC,L,2,,,0
FAGR,FC-L,FC,L,2,,,0
FAGR,FC-L,FC,L,3,,,0
FAGR,FC-L,FC,L,3,,,0
FAGR,FC-L,FC,L,3,,,0
FAGR,FC-L,FC,L,3,,,0
FAGR,FC-L,FC,L,3,,,0
FAGR,FC-L,FC,L,3,,,0
FAGR,FC-L,FC,L,1,,,0
FAGR,FC-L,FC,L,1,,,0
FAGR,FC-L,FC,L,3,,,0
FAGR,FC-L,FC,L,1,,,0
FAGR,FC-L,FC,L,1,,,0
FAGR,FC-L,FC,L,1,,,0
FAGR,FC-L,FC,L,2,,,0
FAGR,FC-L,FC,L,2,,,0
FAGR,FC-L,FC,L,2,,,0
FAGR,FC-L,FC,L,2,,,0
FAGR,FC-L,FC,L,3,,,0
FAGR,FC-L,FC,L,3,,,0
FAGR,FC-L,FC,L,3,,,0
FAGR,FC-M,FC,M,1,,,0
FAGR,FC-M,FC,M,1,,,0
FAGR,FC-M,FC,M,1,,,0
FAGR,FC-M,FC,M,2,,,0
FAGR,FC-M,FC,M,2,,,0
FAGR,FC-M,FC,M,2,,,0
FAGR,FC-M,FC,M,2,,,0
FAGR,FC-M,FC,M,3,,,0
FAGR,FC-M,FC,M,3,,,0
FAGR,FC-M,FC,M,3,,,0
FAGR,FC-M,FC,M,3,,,0
FAGR,FC-M,FC,M,1,,,0
FAGR,FC-M,FC,M,1,,,0
FAGR,FC-M,FC,M,1,,,0
FAGR,FC-M,FC,M,2,,,0
FAGR,FC-M,FC,M,2,,,0
FAGR,FC-M,FC,M,2,,,0
FAGR,FC-M,FC,M,2,,,0
FAGR,FC-M,FC,M,2,,,0
FAGR,FC-M,FC,M,2,,,0
FAGR,FC-M,FC,M,3,,,0
FAGR,FC-M,FC,M,3,,,0
FAGR,FC-M,FC,M,3,,,0
FAGR,FC-M,FC,M,3,,,0
FAGR,FC-M,FC,M,1,,,0
FAGR,FC-M,FC,M,1,,,0
FAGR,FC-M,FC,M,1,,,0
FAGR,FC-M,FC,M,1,,,0
FAGR,FC-M,FC,M,1,,,0
FAGR,FC-M,FC,M,2,,,0
FAGR,FC-M,FC,M,2,,,0
FAGR,FC-M,FC,M,2,,,0
FAGR,FC-M,FC,M,3,,,0
FAGR,FC-M,FC,M,3,,,0
FAGR,FC-M,FC,M,3,,,0
FAGR,FC-M,FC,M,3,,,0
FAGR,FC-H,FC,H,1,,,0
FAGR,FC-H,FC,H,1,,,0
FAGR,FC-H,FC,H,1,,,0
FAGR,FC-H,FC,H,1,,,0
FAGR,FC-H,FC,H,2,,,0
FAGR,FC-H,FC,H,2,,,0
FAGR,FC-H,FC,H,2,,,0
FAGR,FC-H,FC,H,2,,,0
FAGR,FC-H,FC,H,3,,,0
FAGR,FC-H,FC,H,3,,,0
FAGR,FC-H,FC,H,3,,,0
FAGR,FC-H,FC,H,3,,,0
FAGR,FC-H,FC,H,3,,,0
FAGR,FC-H,FC,H,3,,,0
FAGR,FC-H,FC,H,1,,,0
FAGR,FC-H,FC,H,1,,,0
FAGR,FC-H,FC,H,1,,,0
FAGR,FC-H,FC,H,2,,,0
FAGR,FC-H,FC,H,2,,,0
FAGR,FC-H,FC,H,2,,,0
FAGR,FC-H,FC,H,2,,,0
FAGR,FC-H,FC,H,2,,,0
FAGR,FC-H,FC,H,3,,,0
FAGR,FC-H,FC,H,3,,,0
FAGR,FC-H,FC,H,1,,,0
FAGR,FC-H,FC,H,1,,,0
FAGR,FC-H,FC,H,1,,,0
FAGR,FC-H,FC,H,1,,,0
FAGR,FC-H,FC,H,1,,,0
FAGR,FC-H,FC,H,2,,,0
FAGR,FC-H,FC,H,2,,,0
FAGR,FC-H,FC,H,2,,,0
FAGR,FC-H,FC,H,2,,,0
FAGR,FC-H,FC,H,3,,,0
FAGR,FC-H,FC,H,3,,,0
FAGR,FC-H,FC,H,3,,,0
FAGR,PC-L,PC,L,1,,,0
FAGR,PC-L,PC,L,1,,,0
FAGR,PC-L,PC,L,2,,,0
FAGR,PC-L,PC,L,2,,,0
FAGR,PC-L,PC,L,3,,,0
FAGR,PC-L,PC,L,3,,,0
FAGR,PC-L,PC,L,3,,,0
FAGR,PC-L,PC,L,1,,,0
FAGR,PC-L,PC,L,1,,,0
FAGR,PC-L,PC,L,1,,,0
FAGR,PC-L,PC,L,2,,,0
FAGR,PC-L,PC,L,2,,,0
FAGR,PC-L,PC,L,2,,,0
FAGR,PC-L,PC,L,2,,,0
FAGR,PC-L,PC,L,3,,,0
FAGR,PC-L,PC,L,3,,,0
FAGR,PC-L,PC,L,3,,,0
FAGR,PC-L,PC,L,3,,,0
FAGR,PC-L,PC,L,1,,,0
FAGR,PC-L,PC,L,1,,,0
FAGR,PC-L,PC,L,1,,,0
FAGR,PC-L,PC,L,2,,,0
FAGR,PC-L,PC,L,2,,,0
FAGR,PC-L,PC,L,2,,,0
FAGR,PC-L,PC,L,3,,,0
FAGR,PC-L,PC,L,3,,,0
FAGR,PC-M,PC,M,1,,,0
FAGR,PC-M,PC,M,1,,,0
FAGR,PC-M,PC,M,1,,,0
FAGR,PC-M,PC,M,1,,,0
FAGR,PC-M,PC,M,2,,,0
FAGR,PC-M,PC,M,2,,,0
FAGR,PC-M,PC,M,2,,,0
FAGR,PC-M,PC,M,2,,,0
FAGR,PC-M,PC,M,3,,,0
FAGR,PC-M,PC,M,3,,,0
FAGR,PC-M,PC,M,3,,,0
FAGR,PC-M,PC,M,1,,,0
FAGR,PC-M,PC,M,2,,,0
FAGR,PC-M,PC,M,3,,,0
FAGR,PC-M,PC,M,3,,,0
FAGR,PC-M,PC,M,3,,,0
FAGR,PC-M,PC,M,3,,,0
FAGR,PC-M,PC,M,3,,,0
FAGR,PC-M,PC,M,2,,,0
FAGR,PC-M,PC,M,3,,,0
FAGR,PC-M,PC,M,3,,,0
FAGR,PC-M,PC,M,3,,,0
FAGR,PC-H,PC,H,1,,,0
FAGR,PC-H,PC,H,1,,,0
FAGR,PC-H,PC,H,1,,,0
FAGR,PC-H,PC,H,2,,,0
FAGR,PC-H,PC,H,2,,,0
FAGR,PC-H,PC,H,2,,,0
FAGR,PC-H,PC,H,2,,,0
FAGR,PC-H,PC,H,3,,,0
FAGR,PC-H,PC,H,3,,,0
FAGR,PC-H,PC,H,3,,,0
FAGR,PC-H,PC,H,1,,,0
FAGR,PC-H,PC,H,1,,,0
FAGR,PC-H,PC,H,2,,,0
FAGR,PC-H,PC,H,2,,,0
FAGR,PC-H,PC,H,2,,,0
FAGR,PC-H,PC,H,3,,,0
FAGR,PC-H,PC,H,3,,,0
FAGR,PC-H,PC,H,3,,,0
FAGR,PC-H,PC,H,3,,,0
FAGR,PC-H,PC,H,1,,,0
FAGR,PC-H,PC,H,1,,,0
FAGR,PC-H,PC,H,2,,,0
FAGR,PC-H,PC,H,2,,,0
FAGR,PC-H,PC,H,3,,,0
FAGR,PC-H,PC,H,3,,,0
ACSA,BigB-M,B,M,1,1.356,16,1
ACSA,BigB-L,B,L,1,1.597,15,1
ACSA,BigB-M,B,M,1,1.232,15,1
ACSA,BigB-L,B,L,1,0.966,15,1
ACSA,BigB-M,B,M,1,0.94,15,1
ACSA,BigB-L,B,L,1,0.786,15,1
ACSA,BigB-M,B,M,1,1.109,14.5,1
ACSA,B2-L,B,L,2,0.7632,14.5,1
ACSA,B2-M,B,M,3,0.5979,14,1
ACSA,B1-M,B,M,2,1.1572,13.5,1
ACSA,B2-L,B,L,1,0.7092,13.5,1
ACSA,BigPC-H,PC,H,1,0.755,13,1
ACSA,B2-L,B,L,1,0.4074,12.5,1
ACSA,B2-H,B,H,2,0.2,12.5,1
ACSA,FA1-L,FA,L,2,0.4856,12,1
ACSA,PC1-M,PC,M,2,0.4293,12,1
ACSA,B2-L,B,L,1,0.4034,12,1
ACSA,FA1-H,FA,H,2,0.4621,11.5,1
ACSA,FA1-H,FA,H,2,0.4102,11.5,1
ACSA,B2-H,B,H,2,0.263,11.5,1
ACSA,PC-L,PC,L,2,0.207,11.5,1
ACSA,BigB-M,B,M,1,0.992,11,1
ACSA,BigPC-L,PC,L,1,0.92,11,1
ACSA,BigB-L,B,L,1,0.657,11,1
ACSA,B2-L,B,L,2,0.5925,11,1
ACSA,BigPC-L,PC,L,1,0.589,11,1
ACSA,B2-M,B,M,2,0.5203,11,1
ACSA,B2-L,B,L,2,0.4858,11,1
ACSA,BigPC-H,PC,H,1,0.475,11,1
ACSA,B2-L,B,L,1,0.3704,11,1
ACSA,B1-H,B,H,2,0.3,11,1
ACSA,PC1-L,PC,L,2,0.2932,11,1
ACSA,B1-H,B,H,2,0.2,11,1
ACSA,B1-H,B,H,3,0.2,11,1
ACSA,BigB-H,B,H,1,0.2,11,1
ACSA,B2-L,B,L,2,0.8305,10.5,1
ACSA,B1-L,B,L,2,0.5452,10.5,1
ACSA,B2-M,B,M,2,0.5415,10.5,1
ACSA,B2-L,B,L,3,0.5299,10.5,1
ACSA,FC1-L,FC,L,3,0.3823,10.5,1
ACSA,B1-M,B,M,3,0.3815,10.5,1
ACSA,FA1-H,FA,H,1,0.3678,10.5,1
ACSA,B2-M,B,M,3,0.3532,10.5,1
ACSA,B2-H,B,H,1,0.3419,10.5,1
ACSA,FA1-H,FA,H,2,0.3373,10.5,1
ACSA,B1-H,B,H,3,0.3,10.5,1
ACSA,FA1-H,FA,H,2,0.2931,10.5,1
ACSA,FA1-L,FA,L,1,0.2761,10.5,1
ACSA,B2-H,B,H,2,0.2,10.5,1
ACSA,B2-H,B,H,1,0.2,10.5,1
ACSA,B2-H,B,H,3,0.2,10.5,1
ACSA,PC1-H,PC,H,2,0.6577,10,1
ACSA,BigPC-M,PC,M,1,0.578,10,1
ACSA,BigPC-H,PC,H,1,0.518,10,1
ACSA,PC-M,PC,M,2,0.497,10,1
ACSA,B2-M,B,M,1,0.4727,10,1
ACSA,FA1-H,FA,H,3,0.4481,10,1
ACSA,BigB-L,B,L,1,0.448,10,1
ACSA,FC1-L,FC,L,2,0.417,10,1
ACSA,FA2-H,FA,H,1,0.4147,10,1
ACSA,PC1-H,PC,H,3,0.4082,10,1
ACSA,B-M,B,M,1,0.403,10,1
ACSA,FC1-H,FC,H,2,0.3315,10,1
ACSA,B2-L,B,L,1,0.3217,10,1
ACSA,B1-H,B,H,2,0.3,10,1
ACSA,B1-H,B,H,2,0.3,10,1
ACSA,B1-H,B,H,2,0.2,10,1
ACSA,B2-H,B,H,3,0.2,10,1
ACSA,B2-L,B,L,1,0.5421,9.5,1
ACSA,PC-H,PC,H,3,0.432,9.5,1
ACSA,PC1-H,PC,H,1,0.4295,9.5,1
ACSA,B2-H,B,H,1,0.315,9.5,1
ACSA,B1-L,B,L,2,0.2085,9.5,1
ACSA,B1-H,B,H,2,0.2,9.5,1
ACSA,B1-H,B,H,2,0.47,9,1
ACSA,B2-M,B,M,3,0.4667,9,1
ACSA,PC-L,PC,L,2,0.428,9,1
ACSA,FC1-L,FC,L,2,0.4111,9,1
ACSA,FC2-H,FC,H,3,0.4082,9,1
ACSA,FA1-L,FA,L,1,0.4039,9,1
ACSA,B1-M,B,M,1,0.368,9,1
ACSA,FA2-H,FA,H,2,0.367,9,1
ACSA,FA1-H,FA,H,1,0.349,9,1
ACSA,PC1-L,PC,L,2,0.3461,9,1
ACSA,FA2-L,FA,L,2,0.3431,9,1
ACSA,B2-L,B,L,3,0.3308,9,1
ACSA,FC1-M,FC,M,2,0.3198,9,1
ACSA,B2-M,B,M,3,0.3063,9,1
ACSA,FC-H,FC,H,2,0.295,9,1
ACSA,B-H,B,H,3,0.294,9,1
ACSA,FC2-H,FC,H,2,0.2933,9,1
ACSA,FC1-M,FC,M,3,0.291,9,1
ACSA,B1-H,B,H,2,0.25,9,1
ACSA,PC1-H,PC,H,2,0.2356,9,1
ACSA,FA-H,FA,H,3,0.23,9,1
ACSA,FA1-H,FA,H,2,0.2208,9,1
ACSA,BigB-H,B,H,1,0.2,9,1
ACSA,B1-H,B,H,1,0.2,9,1
ACSA,B2-H,B,H,2,0.1096,9,1
ACSA,B1-L,B,L,1,0.106,9,1
ACSA,B2-M,B,M,1,,9,1
ACSA,FA1-L,FA,L,1,0.3902,8.5,1
ACSA,B2-L,B,L,2,0.3702,8.5,1
ACSA,B1-H,B,H,1,0.37,8.5,1
ACSA,B1-H,B,H,3,0.36,8.5,1
ACSA,FC1-L,FC,L,2,0.3563,8.5,1
ACSA,PC1-H,PC,H,2,0.3333,8.5,1
ACSA,B1-H,B,H,3,0.33,8.5,1
ACSA,B2-M,B,M,3,0.329,8.5,1
ACSA,B2-M,B,M,1,0.3108,8.5,1
ACSA,PC1-H,PC,H,3,0.3084,8.5,1
ACSA,FA2-H,FA,H,3,0.3047,8.5,1
ACSA,FC1-M,FC,M,1,0.3025,8.5,1
ACSA,PC1-M,PC,M,2,0.2992,8.5,1
ACSA,PC-H,PC,H,2,0.286,8.5,1
ACSA,FA1-L,FA,L,3,0.2605,8.5,1
ACSA,PC1-H,PC,H,3,0.2595,8.5,1
ACSA,FC1-M,FC,M,2,0.25,8.5,1
ACSA,PC1-H,PC,H,3,0.2424,8.5,1
ACSA,FC1-H,FC,H,2,0.2364,8.5,1
ACSA,B1-L,B,L,1,0.2325,8.5,1
ACSA,B1-H,B,H,3,0.2,8.5,1
ACSA,PC1-H,PC,H,3,0.1788,8.5,1
ACSA,FA2-H,FA,H,1,0.0505,8.5,1
ACSA,FA-H,FA,H,2,0.51,8,1
ACSA,FA1-L,FA,L,1,0.4415,8,1
ACSA,B1-H,B,H,1,0.39,8,1
ACSA,B1-H,B,H,3,0.39,8,1
ACSA,B2-L,B,L,3,0.3724,8,1
ACSA,FA2-L,FA,L,3,0.3711,8,1
ACSA,B2-L,B,L,1,0.3602,8,1
ACSA,PC1-M,PC,M,2,0.3585,8,1
ACSA,B1-M,B,M,2,0.3518,8,1
ACSA,PC-H,PC,H,1,0.346,8,1
ACSA,PC1-M,PC,M,3,0.3458,8,1
ACSA,B1-M,B,M,3,0.3452,8,1
ACSA,B2-M,B,M,1,0.3232,8,1
ACSA,FC1-M,FC,M,2,0.3222,8,1
ACSA,B-L,B,L,2,0.313,8,1
ACSA,FC1-H,FC,H,2,0.3068,8,1
ACSA,PC-L,PC,L,1,0.3,8,1
ACSA,FA1-H,FA,H,3,0.2907,8,1
ACSA,FC2-M,FC,M,1,0.2872,8,1
ACSA,B1-H,B,H,1,0.28,8,1
ACSA,FA1-L,FA,L,2,0.2777,8,1
ACSA,FC1-L,FC,L,2,0.2776,8,1
ACSA,FC1-H,FC,H,1,0.2744,8,1
ACSA,FC2-M,FC,M,3,0.2739,8,1
ACSA,B1-M,B,M,1,0.2719,8,1
ACSA,FA2-H,FA,H,3,0.2705,8,1
ACSA,B2-M,B,M,1,0.2543,8,1
ACSA,FC2-H,FC,H,1,0.2495,8,1
ACSA,FA1-H,FA,H,2,0.2447,8,1
ACSA,FC1-L,FC,L,3,0.2266,8,1
ACSA,FC1-L,FC,L,3,0.2244,8,1
ACSA,FA1-H,FA,H,1,0.2138,8,1
ACSA,PC1-H,PC,H,3,0.2046,8,1
ACSA,B2-H,B,H,3,0.2,8,1
ACSA,B2-H,B,H,2,0.2,8,1
ACSA,B2-H,B,H,3,0.2,8,1
ACSA,B2-M,B,M,3,0.186,8,1
ACSA,FA1-L,FA,L,3,0.1751,8,1
ACSA,B2-L,B,L,3,0.1714,8,1
ACSA,PC1-H,PC,H,2,0.1707,8,1
ACSA,FA2-H,FA,H,3,0.1231,8,1
ACSA,B1-L,B,L,2,0.0912,8,1
ACSA,PC-M,PC,M,2,0.08,8,1
ACSA,FA2-H,FA,H,1,0.0788,8,1
ACSA,B2-L,B,L,2,0.0681,8,1
ACSA,B1-M,B,M,2,0.405,7.5,1
ACSA,FA1-H,FA,H,3,0.3943,7.5,1
ACSA,B1-H,B,H,1,0.35,7.5,1
ACSA,PC1-H,PC,H,2,0.3274,7.5,1
ACSA,B1-M,B,M,1,0.326,7.5,1
ACSA,B2-H,B,H,1,0.3215,7.5,1
ACSA,FA-H,FA,H,3,0.314,7.5,1
ACSA,FC1-L,FC,L,3,0.3121,7.5,1
ACSA,B1-M,B,M,3,0.3102,7.5,1
ACSA,FA2-M,FA,M,2,0.3055,7.5,1
ACSA,B-L,B,L,3,0.304,7.5,1
ACSA,FC1-L,FC,L,1,0.3018,7.5,1
ACSA,FA-H,FA,H,3,0.3,7.5,1
ACSA,B2-M,B,M,2,0.2794,7.5,1
ACSA,PC1-L,PC,L,3,0.2789,7.5,1
ACSA,B1-L,B,L,2,0.2682,7.5,1
ACSA,FC1-M,FC,M,3,0.2611,7.5,1
ACSA,PC1-M,PC,M,3,0.259,7.5,1
ACSA,B2-L,B,L,1,0.2478,7.5,1
ACSA,PC1-M,PC,M,2,0.2472,7.5,1
ACSA,PC1-H,PC,H,1,0.2435,7.5,1
ACSA,FC1-H,FC,H,2,0.2398,7.5,1
ACSA,FC2-H,FC,H,2,0.2337,7.5,1
ACSA,FC2-L,FC,L,3,0.2258,7.5,1
ACSA,FC1-H,FC,H,1,0.22315,7.5,1
ACSA,FC1-L,FC,L,1,0.2227,7.5,1
ACSA,FC1-H,FC,H,3,0.2211,7.5,1
ACSA,FC1-H,FC,H,1,0.2113,7.5,1
ACSA,FC1-L,FC,L,1,0.2095,7.5,1
ACSA,FC1-M,FC,M,3,0.2005,7.5,1
ACSA,B2-H,B,H,3,0.2,7.5,1
ACSA,PC1-H,PC,H,2,0.1827,7.5,1
ACSA,PC1-H,PC,H,1,0.1736,7.5,1
ACSA,PC1-L,PC,L,3,0.1733,7.5,1
ACSA,FC2-H,FC,H,3,0.1626,7.5,1
ACSA,B1-M,B,M,2,0.1538,7.5,1
ACSA,PC1-H,PC,H,1,0.1424,7.5,1
ACSA,FC2-H,FC,H,1,0.096,7.5,1
ACSA,FC2-H,FC,H,3,0.0718,7.5,1
ACSA,B1-L,B,L,3,0.4703,7,1
ACSA,B2-L,B,L,3,0.3546,7,1
ACSA,B2-H,B,H,3,0.3362,7,1
ACSA,FA-M,FA,M,3,0.328,7,1
ACSA,FA2-H,FA,H,3,0.3267,7,1
ACSA,FA1-M,FA,M,2,0.3266,7,1
ACSA,FA2-M,FA,M,3,0.3129,7,1
ACSA,FC1-L,FC,L,2,0.3125,7,1
ACSA,FA2-H,FA,H,2,0.2983,7,1
ACSA,FA1-M,FA,M,3,0.295,7,1
ACSA,B2-L,B,L,1,0.2896,7,1
ACSA,FA1-L,FA,L,1,0.2841,7,1
ACSA,B1-M,B,M,2,0.2736,7,1
ACSA,PC1-L,PC,L,2,0.2574,7,1
ACSA,BigB-L,B,L,1,0.239,7,1
ACSA,FC1-M,FC,M,2,0.235,7,1
ACSA,FA2-H,FA,H,1,0.2344,7,1
ACSA,B2-L,B,L,3,0.2274,7,1
ACSA,FA-M,FA,M,1,0.226,7,1
ACSA,PC1-M,PC,M,1,0.2207,7,1
ACSA,B1-L,B,L,2,0.2196,7,1
ACSA,PC1-M,PC,M,2,0.2109,7,1
ACSA,B1-L,B,L,2,0.2108,7,1
ACSA,FA1-L,FA,L,3,0.2058,7,1
ACSA,B2-H,B,H,2,0.2,7,1
ACSA,B2-H,B,H,1,0.1995,7,1
ACSA,B2-L,B,L,1,0.1904,7,1
ACSA,FA1-L,FA,L,3,0.1837,7,1
ACSA,FA1-L,FA,L,2,0.1787,7,1
ACSA,PC1-M,PC,M,3,0.1742,7,1
ACSA,FC1-H,FC,H,3,0.171,7,1
ACSA,FC2-L,FC,L,1,0.1652,7,1
ACSA,FA2-M,FA,M,2,0.1562,7,1
ACSA,FC1-L,FC,L,1,0.1553,7,1
ACSA,FC1-H,FC,H,1,0.1537,7,1
ACSA,PC1-M,PC,M,2,0.1515,7,1
ACSA,FC1-M,FC,M,1,0.1478,7,1
ACSA,PC1-H,PC,H,2,0.1466,7,1
ACSA,FA2-H,FA,H,1,0.1418,7,1
ACSA,FC1-L,FC,L,1,0.1369,7,1
ACSA,PC1-L,PC,L,3,0.1197,7,1
ACSA,FA2-H,FA,H,2,0.1107,7,1
ACSA,FA1-L,FA,L,1,0.105,7,1
ACSA,FC1-H,FC,H,3,0.1,7,1
ACSA,FC1-H,FC,H,3,0.0669,7,1
ACSA,FC1-H,FC,H,2,0.0519,7,1
ACSA,B-M,B,M,3,0.315,6.5,1
ACSA,B2-L,B,L,2,0.3009,6.5,1
ACSA,FA1-M,FA,M,3,0.2764,6.5,1
ACSA,B2-H,B,H,1,0.274,6.5,1
ACSA,FA2-H,FA,H,2,0.271,6.5,1
ACSA,FA-H,FA,H,2,0.27,6.5,1
ACSA,FA2-L,FA,L,3,0.2654,6.5,1
ACSA,FC2-L,FC,L,2,0.2626,6.5,1
ACSA,B1-L,B,L,1,0.2588,6.5,1
ACSA,FC2-H,FC,H,3,0.255,6.5,1
ACSA,B1-H,B,H,3,0.25,6.5,1
ACSA,B2-H,B,H,2,0.245,6.5,1
ACSA,B2-M,B,M,2,0.1934,6.5,1
ACSA,FC2-L,FC,L,3,0.1904,6.5,1
ACSA,PC1-M,PC,M,2,0.185,6.5,1
ACSA,PC-H,PC,H,2,0.185,6.5,1
ACSA,B1-L,B,L,3,0.1695,6.5,1
ACSA,FC2-H,FC,H,2,0.1512,6.5,1
ACSA,FA-H,FA,H,2,0.145,6.5,1
ACSA,B2-H,B,H,2,0.1417,6.5,1
ACSA,PC1-L,PC,L,2,0.1222,6.5,1
ACSA,FC1-L,FC,L,1,0.1079,6.5,1
ACSA,B1-L,B,L,1,0.3368,6,1
ACSA,FA1-M,FA,M,3,0.2895,6,1
ACSA,B1-M,B,M,1,0.278,6,1
ACSA,FA1-M,FA,M,2,0.2767,6,1
ACSA,FC1-H,FC,H,2,0.2699,6,1
ACSA,FA2-H,FA,H,1,0.2687,6,1
ACSA,FC1-L,FC,L,1,0.246,6,1
ACSA,FA2-M,FA,M,3,0.2225,6,1
ACSA,FC2-M,FC,M,1,0.2047,6,1
ACSA,B2-H,B,H,1,0.1938,6,1
ACSA,FC2-M,FC,M,2,0.1937,6,1
ACSA,PC1-M,PC,M,2,0.192,6,1
ACSA,FA1-H,FA,H,3,0.1895,6,1
ACSA,FC1-M,FC,M,2,0.1848,6,1
ACSA,FA2-M,FA,M,3,0.1818,6,1
ACSA,FC1-L,FC,L,1,0.1816,6,1
ACSA,FC1-H,FC,H,1,0.1733,6,1
ACSA,PC1-L,PC,L,3,0.1728,6,1
ACSA,FA-H,FA,H,2,0.162,6,1
ACSA,FC1-L,FC,L,1,0.154,6,1
ACSA,PC1-H,PC,H,1,0.1466,6,1
ACSA,PC1-M,PC,M,1,0.1413,6,1
ACSA,FC1-H,FC,H,1,0.1403,6,1
ACSA,FA2-L,FA,L,3,0.1372,6,1
ACSA,B1-L,B,L,2,0.1352,6,1
ACSA,PC1-M,PC,M,1,0.1333,6,1
ACSA,FA2-M,FA,M,1,0.129,6,1
ACSA,FC1-M,FC,M,3,0.1264,6,1
ACSA,B2-L,B,L,3,0.1121,6,1
ACSA,FA1-L,FA,L,3,0.1064,6,1
ACSA,FC1-L,FC,L,3,0.1023,6,1
ACSA,FA1-L,FA,L,2,0.1015,6,1
ACSA,FC2-H,FC,H,1,0.0611,6,0
ACSA,PC1-L,PC,L,3,0.0572,6,1
ACSA,FC2-M,FC,M,3,0.0321,6,1
ACSA,FA2-H,FA,H,3,0.3097,5.5,1
ACSA,FA1-L,FA,L,3,0.2944,5.5,1
ACSA,B1-M,B,M,1,0.2709,5.5,1
ACSA,FC1-M,FC,M,2,0.2434,5.5,1
ACSA,FA1-M,FA,M,1,0.23012,5.5,1
ACSA,FA1-L,FA,L,1,0.2264,5.5,1
ACSA,FC2-M,FC,M,1,0.2213,5.5,1
ACSA,PC1-L,PC,L,1,0.2175,5.5,1
ACSA,FA-M,FA,M,3,0.205,5.5,1
ACSA,FC1-L,FC,L,2,0.1688,5.5,1
ACSA,FA1-L,FA,L,1,0.1633,5.5,1
ACSA,B1-M,B,M,1,0.1515,5.5,1
ACSA,PC1-M,PC,M,3,0.1411,5.5,1
ACSA,FC1-M,FC,M,2,0.1386,5.5,1
ACSA,B1-L,B,L,3,0.1356,5.5,1
ACSA,PC1-M,PC,M,1,0.1294,5.5,1
ACSA,FA1-H,FA,H,3,0.1139,5.5,1
ACSA,PC1-M,PC,M,1,0.0762,5.5,1
ACSA,PC1-M,PC,M,3,0.0722,5.5,1
ACSA,B2-H,B,H,2,0.0661,5.5,1
ACSA,B2-L,B,L,3,0.0655,5.5,1
ACSA,FC1-H,FC,H,3,0.0468,5.5,1
ACSA,FA1-M,FA,M,3,0.2558,5,1
ACSA,FA2-H,FA,H,3,0.25,5,1
ACSA,B1-L,B,L,3,0.2251,5,1
ACSA,PC-H,PC,H,1,0.218,5,1
ACSA,FA-M,FA,M,2,0.213,5,1
ACSA,PC-M,PC,M,2,0.211,5,1
ACSA,FA2-M,FA,M,1,0.205,5,1
ACSA,FA1-H,FA,H,1,0.186,5,1
ACSA,FA1-M,FA,M,2,0.185,5,1
ACSA,FA2-H,FA,H,3,0.1828,5,1
ACSA,B2-H,B,H,1,0.1773,5,1
ACSA,FA1-M,FA,M,2,0.1768,5,1
ACSA,FA-M,FA,M,2,0.164,5,1
ACSA,FA2-H,FA,H,1,0.1625,5,1
ACSA,FC2-L,FC,L,2,0.1603,5,1
ACSA,FC1-H,FC,H,3,0.1588,5,1
ACSA,FC1-L,FC,L,1,0.1479,5,1
ACSA,FA2-H,FA,H,1,0.1321,5,1
ACSA,PC1-L,PC,L,3,0.1307,5,1
ACSA,FA1-H,FA,H,3,0.1038,5,1
ACSA,FA2-L,FA,L,2,0.1037,5,1
ACSA,FC1-M,FC,M,1,0.092,5,1
ACSA,FA2-M,FA,M,1,0.0847,5,1
ACSA,FC1-H,FC,H,1,0.0756,5,1
ACSA,FC1-M,FC,M,1,0.0711,5,1
ACSA,FA2-H,FA,H,3,0.0647,5,1
ACSA,PC1-L,PC,L,1,0.0601,5,1
ACSA,FA2-H,FA,H,3,0.0498,5,1
ACSA,FC1-M,FC,M,1,0.0441,5,1
ACSA,FA2-M,FA,M,1,0.2522,4.5,1
ACSA,FC1-H,FC,H,2,0.2285,4.5,1
ACSA,FA1-M,FA,M,1,0.207,4.5,1
ACSA,FA1-H,FA,H,1,0.18,4.5,1
ACSA,FA1-M,FA,M,1,0.1702,4.5,1
ACSA,PC1-H,PC,H,1,0.167,4.5,1
ACSA,FC1-M,FC,M,1,0.1103,4.5,1
ACSA,FA2-M,FA,M,1,0.0873,4.5,1
ACSA,FA1-L,FA,L,1,0.0782,4.5,1
ACSA,FA1-L,FA,L,2,0.0769,4.5,1
ACSA,FC2-L,FC,L,3,0.067,4.5,1
ACSA,B1-L,B,L,2,0.0637,4.5,1
ACSA,FA1-M,FA,M,1,0.216,4,1
ACSA,FA-H,FA,H,1,0.191,4,1
ACSA,FA1-M,FA,M,1,0.1834,4,1
ACSA,FA-M,FA,M,1,0.155,4,1
ACSA,FA1-M,FA,M,1,0.1506,4,1
ACSA,FA2-H,FA,H,1,0.1463,4,1
ACSA,B-L,B,L,3,0.143,4,1
ACSA,FA1-H,FA,H,1,0.1277,4,1
ACSA,FA2-H,FA,H,1,0.1234,4,1
ACSA,B1-L,B,L,3,0.0828,4,1
ACSA,FC2-L,FC,L,1,0.0629,4,1
ACSA,FA1-M,FA,M,2,0.0616,4,1
ACSA,FC2-M,FC,M,1,0.0386,4,1
ACSA,PC1-M,PC,M,1,0.038,4,1
ACSA,FA2-L,FA,L,3,0.0359,4,1
ACSA,FC1-H,FC,H,1,0.0255,4,1
ACSA,PC1-M,PC,M,1,0.0091,4,1
ACSA,B1-H,B,H,3,0.18,3.5,1
ACSA,FC-M,FC,M,3,0.154,3.5,1
ACSA,FA2-M,FA,M,2,0.0868,3.5,1
ACSA,FC1-M,FC,M,1,0.0775,3.5,1
ACSA,B1-M,B,M,3,0.0769,3.5,1
ACSA,FA2-M,FA,M,2,0.0716,3.5,1
ACSA,FA2-H,FA,H,2,0.0234,3.5,1
ACSA,B1-H,B,H,2,0.11,3,1
ACSA,FC1-L,FC,L,3,0.0799,3,1
ACSA,FA1-M,FA,M,2,0.0754,3,1
ACSA,FA1-M,FA,M,3,0.0446,3,1
ACSA,FA2-H,FA,H,2,0.0321,3,1
ACSA,FA1-M,FA,M,2,0.0205,3,1
ACSA,B2-L,B,L,3,,3,1
ACSA,PC1-L,PC,L,2,0.0065,2.5,1
ACSA,FC-M,FC,M,1,0.177,2,1
ACSA,B1-H,B,H,1,0.08,2,1
ACSA,B1-M,B,M,1,0.0254,2,1
ACSA,FA1-M,FA,M,3,0.0205,2,1
ACSA,PC1-L,PC,L,2,0.02,2,1
ACSA,PC1-M,PC,M,2,0.0092,2,1
ACSA,B-H,B,H,2,0.01,1,1
ACSA,FA2-L,FA,L,1,0.3548,,1
ACSA,FA2-L,FA,L,1,0.1864,,1
ACSA,PC-H,PC,H,2,0.098,,0
ACSA,B-L,B,L,1,,,0
ACSA,B-L,B,L,1,,,0
ACSA,B-L,B,L,1,,,0
ACSA,B-L,B,L,1,,,0
ACSA,B-L,B,L,1,,,0
ACSA,B-L,B,L,1,,,0
ACSA,B-L,B,L,2,,,0
ACSA,B-L,B,L,2,,,0
ACSA,B-L,B,L,2,,,0
ACSA,B-L,B,L,2,,,0
ACSA,B-L,B,L,2,,,0
ACSA,B-L,B,L,3,,,0
ACSA,B-L,B,L,3,,,0
ACSA,B-L,B,L,3,,,0
ACSA,B-L,B,L,3,,,0
ACSA,B1-L,B,L,1,,,0
ACSA,B1-L,B,L,1,,,0
ACSA,B1-L,B,L,1,,,0
ACSA,B1-L,B,L,1,,,0
ACSA,B1-L,B,L,1,,,0
ACSA,B1-L,B,L,1,,,0
ACSA,B1-L,B,L,2,,,0
ACSA,B1-L,B,L,2,,,0
ACSA,B1-L,B,L,3,,,0
ACSA,B1-L,B,L,3,,,0
ACSA,B1-L,B,L,3,,,0
ACSA,B1-L,B,L,3,,,0
ACSA,B1-L,B,L,3,,,0
ACSA,B2-L,B,L,2,,,0
ACSA,B2-L,B,L,2,,,0
ACSA,B2-L,B,L,2,,,0
ACSA,B2-L,B,L,3,,,0
ACSA,B-M,B,M,1,,,0
ACSA,B-M,B,M,1,,,0
ACSA,B-M,B,M,1,,,0
ACSA,B-M,B,M,1,,,0
ACSA,B-M,B,M,1,,,0
ACSA,B-M,B,M,2,,,0
ACSA,B-M,B,M,2,,,0
ACSA,B-M,B,M,2,,,0
ACSA,B-M,B,M,2,,,0
ACSA,B-M,B,M,2,,,0
ACSA,B-M,B,M,2,,,0
ACSA,B-M,B,M,3,,,0
ACSA,B-M,B,M,3,,,0
ACSA,B-M,B,M,3,,,0
ACSA,B-M,B,M,3,,,0
ACSA,B-M,B,M,3,,,0
ACSA,BigB-M,B,M,1,,,0
ACSA,B1-M,B,M,1,,,0
ACSA,B1-M,B,M,1,,,0
ACSA,B1-M,B,M,1,,,0
ACSA,B1-M,B,M,2,,,0
ACSA,B1-M,B,M,2,,,0
ACSA,B1-M,B,M,2,,,0
ACSA,B1-M,B,M,2,,,0
ACSA,B1-M,B,M,2,,,0
ACSA,B1-M,B,M,3,,,0
ACSA,B1-M,B,M,3,,,0
ACSA,B1-M,B,M,3,,,0
ACSA,B1-M,B,M,3,,,0
ACSA,B1-M,B,M,3,,,0
ACSA,B1-M,B,M,3,,,0
ACSA,B2-M,B,M,1,,,0
ACSA,B2-M,B,M,1,,,0
ACSA,B2-M,B,M,1,,,0
ACSA,B2-M,B,M,1,,,0
ACSA,B2-M,B,M,1,,,0
ACSA,B2-M,B,M,2,,,0
ACSA,B2-M,B,M,2,,,0
ACSA,B2-M,B,M,2,,,0
ACSA,B2-M,B,M,2,,,0
ACSA,B2-M,B,M,2,,,0
ACSA,B2-M,B,M,2,,,0
ACSA,B2-M,B,M,3,,,0
ACSA,B2-M,B,M,3,,,0
ACSA,B2-M,B,M,3,,,0
ACSA,B2-M,B,M,3,,,0
ACSA,B-H,B,H,1,,,0
ACSA,B-H,B,H,1,,,0
ACSA,B-H,B,H,1,,,0
ACSA,B-H,B,H,1,,,0
ACSA,B-H,B,H,1,,,0
ACSA,B-H,B,H,1,,,0
ACSA,B-H,B,H,2,,,0
ACSA,B-H,B,H,2,,,0
ACSA,B-H,B,H,2,,,0
ACSA,B-H,B,H,2,,,0
ACSA,B-H,B,H,2,,,0
ACSA,B-H,B,H,3,,,0
ACSA,B-H,B,H,3,,,0
ACSA,B-H,B,H,3,,,0
ACSA,B-H,B,H,3,,,0
ACSA,B-H,B,H,3,,,0
ACSA,BigB-H,B,H,1,,,0
ACSA,BigB-H,B,H,1,,,0
ACSA,BigB-H,B,H,1,,,0
ACSA,BigB-H,B,H,1,,,0
ACSA,B1-H,B,H,1,,,0
ACSA,B1-H,B,H,1,,,0
ACSA,B1-H,B,H,1,,,0
ACSA,B1-H,B,H,1,,,0
ACSA,B1-H,B,H,2,,,0
ACSA,B1-H,B,H,3,,,0
ACSA,B1-H,B,H,3,,,0
ACSA,B2-H,B,H,1,,,0
ACSA,B2-H,B,H,1,,,0
ACSA,B2-H,B,H,2,,,0
ACSA,B2-H,B,H,3,,,0
ACSA,B2-H,B,H,3,,,0
ACSA,B2-H,B,H,3,,,0
ACSA,B2-H,B,H,3,,,0
ACSA,FA-L,FA,L,1,,,0
ACSA,FA-L,FA,L,1,,,0
ACSA,FA-L,FA,L,1,,,0
ACSA,FA-L,FA,L,1,,,0
ACSA,FA-L,FA,L,1,,,0
ACSA,FA-L,FA,L,1,,,0
ACSA,FA-L,FA,L,2,,,0
ACSA,FA-L,FA,L,2,,,0
ACSA,FA-L,FA,L,2,,,0
ACSA,FA-L,FA,L,2,,,0
ACSA,FA-L,FA,L,2,,,0
ACSA,FA-L,FA,L,2,,,0
ACSA,FA-L,FA,L,3,,,0
ACSA,FA-L,FA,L,3,,,0
ACSA,FA-L,FA,L,3,,,0
ACSA,FA-L,FA,L,3,,,0
ACSA,FA-L,FA,L,3,,,0
ACSA,FA-L,FA,L,3,,,0
ACSA,FA1-L,FA,L,1,,,0
ACSA,FA1-L,FA,L,2,,,0
ACSA,FA1-L,FA,L,2,,,0
ACSA,FA1-L,FA,L,2,,,0
ACSA,FA1-L,FA,L,2,,,0
ACSA,FA1-L,FA,L,2,,,0
ACSA,FA1-L,FA,L,3,,,0
ACSA,FA1-L,FA,L,3,,,0
ACSA,FA1-L,FA,L,3,,,0
ACSA,FA1-L,FA,L,3,,,0
ACSA,FA2-L,FA,L,1,,,0
ACSA,FA2-L,FA,L,1,,,0
ACSA,FA2-L,FA,L,1,,,0
ACSA,FA2-L,FA,L,1,,,0
ACSA,FA2-L,FA,L,1,,,0
ACSA,FA2-L,FA,L,1,,,0
ACSA,FA2-L,FA,L,1,,,0
ACSA,FA2-L,FA,L,1,,,0
ACSA,FA2-L,FA,L,2,,,0
ACSA,FA2-L,FA,L,2,,,0
ACSA,FA2-L,FA,L,2,,,0
ACSA,FA2-L,FA,L,2,,,0
ACSA,FA2-L,FA,L,2,,,0
ACSA,FA2-L,FA,L,2,,,0
ACSA,FA2-L,FA,L,2,,,0
ACSA,FA2-L,FA,L,2,,,0
ACSA,FA2-L,FA,L,3,,,0
ACSA,FA2-L,FA,L,3,,,0
ACSA,FA2-L,FA,L,3,,,0
ACSA,FA2-L,FA,L,3,,,0
ACSA,FA2-L,FA,L,3,,,0
ACSA,FA2-L,FA,L,3,,,0
ACSA,FA-M,FA,M,1,,,0
ACSA,FA-M,FA,M,1,,,0
ACSA,FA-M,FA,M,1,,,0
ACSA,FA-M,FA,M,1,,,0
ACSA,FA-M,FA,M,2,,,0
ACSA,FA-M,FA,M,2,,,0
ACSA,FA-M,FA,M,2,,,0
ACSA,FA-M,FA,M,2,,,0
ACSA,FA-M,FA,M,3,,,0
ACSA,FA-M,FA,M,3,,,0
ACSA,FA-M,FA,M,3,,,0
ACSA,FA-M,FA,M,3,,,0
ACSA,FA1-M,FA,M,1,,,0
ACSA,FA1-M,FA,M,1,,,0
ACSA,FA1-M,FA,M,1,,,0
ACSA,FA1-M,FA,M,1,,,0
ACSA,FA1-M,FA,M,2,,,0
ACSA,FA1-M,FA,M,2,,,0
ACSA,FA1-M,FA,M,2,,,0
ACSA,FA1-M,FA,M,3,,,0
ACSA,FA1-M,FA,M,3,,,0
ACSA,FA1-M,FA,M,3,,,0
ACSA,FA1-M,FA,M,3,,,0
ACSA,FA2-M,FA,M,1,,,0
ACSA,FA2-M,FA,M,3,,,0
ACSA,FA-H,FA,H,1,,,0
ACSA,FA-H,FA,H,1,,,0
ACSA,FA-H,FA,H,1,,,0
ACSA,FA-H,FA,H,1,,,0
ACSA,FA-H,FA,H,1,,,0
ACSA,FA-H,FA,H,2,,,0
ACSA,FA-H,FA,H,2,,,0
ACSA,FA-H,FA,H,3,,,0
ACSA,FA-H,FA,H,3,,,0
ACSA,FA-H,FA,H,3,,,0
ACSA,FA1-H,FA,H,1,,,0
ACSA,FA1-H,FA,H,1,,,0
ACSA,FA1-H,FA,H,1,,,0
ACSA,FA1-H,FA,H,1,,,0
ACSA,FA1-H,FA,H,2,,,0
ACSA,FA1-H,FA,H,2,,,0
ACSA,FA1-H,FA,H,2,,,0
ACSA,FA1-H,FA,H,2,,,0
ACSA,FA1-H,FA,H,2,,,0
ACSA,FA1-H,FA,H,3,,,0
ACSA,FA1-H,FA,H,3,,,0
ACSA,FA1-H,FA,H,3,,,0
ACSA,FA1-H,FA,H,3,,,0
ACSA,FA2-H,FA,H,2,,,0
ACSA,FA2-H,FA,H,2,,,0
ACSA,FA2-H,FA,H,2,,,0
ACSA,FA2-H,FA,H,2,,,0
ACSA,FA2-H,FA,H,3,,,0
ACSA,FC-L,FC,L,1,,,0
ACSA,FC-L,FC,L,1,,,0
ACSA,FC-L,FC,L,1,,,0
ACSA,FC-L,FC,L,1,,,0
ACSA,FC-L,FC,L,1,,,0
ACSA,FC-L,FC,L,1,,,0
ACSA,FC-L,FC,L,2,,,0
ACSA,FC-L,FC,L,2,,,0
ACSA,FC-L,FC,L,2,,,0
ACSA,FC-L,FC,L,2,,,0
ACSA,FC-L,FC,L,2,,,0
ACSA,FC-L,FC,L,2,,,0
ACSA,FC-L,FC,L,3,,,0
ACSA,FC-L,FC,L,3,,,0
ACSA,FC-L,FC,L,3,,,0
ACSA,FC-L,FC,L,3,,,0
ACSA,FC-L,FC,L,3,,,0
ACSA,FC-L,FC,L,3,,,0
ACSA,FC1-L,FC,L,2,,,0
ACSA,FC1-L,FC,L,2,,,0
ACSA,FC1-L,FC,L,2,,,0
ACSA,FC1-L,FC,L,2,,,0
ACSA,FC1-L,FC,L,3,,,0
ACSA,FC1-L,FC,L,3,,,0
ACSA,FC1-L,FC,L,3,,,0
ACSA,FC1-L,FC,L,3,,,0
ACSA,FC2-L,FC,L,2,,,0
ACSA,FC2-L,FC,L,2,,,0
ACSA,FC2-L,FC,L,3,,,0
ACSA,FC-M,FC,M,1,,,0
ACSA,FC-M,FC,M,1,,,0
ACSA,FC-M,FC,M,1,,,0
ACSA,FC-M,FC,M,1,,,0
ACSA,FC-M,FC,M,1,,,0
ACSA,FC-M,FC,M,2,,,0
ACSA,FC-M,FC,M,2,,,0
ACSA,FC-M,FC,M,2,,,0
ACSA,FC-M,FC,M,2,,,0
ACSA,FC-M,FC,M,2,,,0
ACSA,FC-M,FC,M,2,,,0
ACSA,FC-M,FC,M,3,,,0
ACSA,FC-M,FC,M,3,,,0
ACSA,FC-M,FC,M,3,,,0
ACSA,FC-M,FC,M,3,,,0
ACSA,FC-M,FC,M,3,,,0
ACSA,FC1-M,FC,M,1,,,0
ACSA,FC1-M,FC,M,1,,,0
ACSA,FC1-M,FC,M,1,,,0
ACSA,FC1-M,FC,M,2,,,0
ACSA,FC1-M,FC,M,2,,,0
ACSA,FC1-M,FC,M,2,,,0
ACSA,FC1-M,FC,M,3,,,0
ACSA,FC1-M,FC,M,3,,,0
ACSA,FC1-M,FC,M,3,,,0
ACSA,FC1-M,FC,M,3,,,0
ACSA,FC1-M,FC,M,3,,,0
ACSA,FC1-M,FC,M,3,,,0
ACSA,FC2-M,FC,M,1,,,0
ACSA,FC2-M,FC,M,1,,,0
ACSA,FC2-M,FC,M,2,,,0
ACSA,FC2-M,FC,M,2,,,0
ACSA,FC2-M,FC,M,2,,,0
ACSA,FC2-M,FC,M,3,,,0
ACSA,FC2-M,FC,M,3,,,0
ACSA,FC-H,FC,H,1,,,0
ACSA,FC-H,FC,H,1,,,0
ACSA,FC-H,FC,H,1,,,0
ACSA,FC-H,FC,H,1,,,0
ACSA,FC-H,FC,H,1,,,0
ACSA,FC-H,FC,H,1,,,0
ACSA,FC-H,FC,H,2,,,0
ACSA,FC-H,FC,H,2,,,0
ACSA,FC-H,FC,H,2,,,0
ACSA,FC-H,FC,H,2,,,0
ACSA,FC-H,FC,H,2,,,0
ACSA,FC-H,FC,H,3,,,0
ACSA,FC-H,FC,H,3,,,0
ACSA,FC-H,FC,H,3,,,0
ACSA,FC-H,FC,H,3,,,0
ACSA,FC-H,FC,H,3,,,0
ACSA,FC-H,FC,H,3,,,0
ACSA,FC1-H,FC,H,1,,,0
ACSA,FC1-H,FC,H,1,,,0
ACSA,FC1-H,FC,H,2,,,0
ACSA,FC1-H,FC,H,2,,,0
ACSA,FC1-H,FC,H,2,,,0
ACSA,FC1-H,FC,H,3,,,0
ACSA,FC1-H,FC,H,3,,,0
ACSA,FC1-H,FC,H,3,,,0
ACSA,FC1-H,FC,H,3,,,0
ACSA,FC2-H,FC,H,1,,,0
ACSA,FC2-H,FC,H,1,,,0
ACSA,FC2-H,FC,H,1,,,0
ACSA,FC2-H,FC,H,2,,,0
ACSA,PC-L,PC,L,1,,,0
ACSA,PC-L,PC,L,1,,,0
ACSA,PC-L,PC,L,1,,,0
ACSA,PC-L,PC,L,1,,,0
ACSA,PC-L,PC,L,1,,,0
ACSA,PC-L,PC,L,2,,,0
ACSA,PC-L,PC,L,2,,,0
ACSA,PC-L,PC,L,2,,,0
ACSA,PC-L,PC,L,2,,,0
ACSA,PC-L,PC,L,3,,,0
ACSA,PC-L,PC,L,3,,,0
ACSA,PC-L,PC,L,3,,,0
ACSA,PC-L,PC,L,3,,,0
ACSA,PC-L,PC,L,3,,,0
ACSA,PC-L,PC,L,3,,,0
ACSA,BigPC-L,PC,L,1,,,0
ACSA,BigPC-L,PC,L,1,,,0
ACSA,PC1-L,PC,L,1,,,0
ACSA,PC1-L,PC,L,1,,,0
ACSA,PC1-L,PC,L,1,,,0
ACSA,PC1-L,PC,L,1,,,0
ACSA,PC1-L,PC,L,1,,,0
ACSA,PC1-L,PC,L,1,,,0
ACSA,PC1-L,PC,L,1,,,0
ACSA,PC1-L,PC,L,1,,,0
ACSA,PC1-L,PC,L,2,,,0
ACSA,PC1-L,PC,L,2,,,0
ACSA,PC1-L,PC,L,2,,,0
ACSA,PC1-L,PC,L,2,,,0
ACSA,PC1-L,PC,L,3,,,0
ACSA,PC1-L,PC,L,3,,,0
ACSA,PC1-L,PC,L,3,,,0
ACSA,PC1-L,PC,L,3,,,0
ACSA,PC-M,PC,M,1,,,0
ACSA,PC-M,PC,M,1,,,0
ACSA,PC-M,PC,M,1,,,0
ACSA,PC-M,PC,M,1,,,0
ACSA,PC-M,PC,M,1,,,0
ACSA,PC-M,PC,M,1,,,0
ACSA,PC-M,PC,M,2,,,0
ACSA,PC-M,PC,M,2,,,0
ACSA,PC-M,PC,M,2,,,0
ACSA,PC-M,PC,M,3,,,0
ACSA,PC-M,PC,M,3,,,0
ACSA,PC-M,PC,M,3,,,0
ACSA,PC-M,PC,M,3,,,0
ACSA,PC-M,PC,M,3,,,0
ACSA,PC-M,PC,M,3,,,0
ACSA,BigPC-M,PC,M,1,,,0
ACSA,BigPC-M,PC,M,1,,,0
ACSA,BigPC-M,PC,M,1,,,0
ACSA,PC1-M,PC,M,1,,,0
ACSA,PC1-M,PC,M,1,,,0
ACSA,PC1-M,PC,M,1,,,0
ACSA,PC1-M,PC,M,2,,,0
ACSA,PC1-M,PC,M,3,,,0
ACSA,PC1-M,PC,M,3,,,0
ACSA,PC1-M,PC,M,3,,,0
ACSA,PC1-M,PC,M,3,,,0
ACSA,PC1-M,PC,M,3,,,0
ACSA,PC-H,PC,H,1,,,0
ACSA,PC-H,PC,H,1,,,0
ACSA,PC-H,PC,H,1,,,0
ACSA,PC-H,PC,H,1,,,0
ACSA,PC-H,PC,H,2,,,0
ACSA,PC-H,PC,H,2,,,0
ACSA,PC-H,PC,H,2,,,0
ACSA,PC-H,PC,H,3,,,0
ACSA,PC-H,PC,H,3,,,0
ACSA,PC-H,PC,H,3,,,0
ACSA,PC-H,PC,H,3,,,0
ACSA,PC-H,PC,H,3,,,0
ACSA,BigPC-H,PC,H,1,,,0
ACSA,PC1-H,PC,H,1,,,0
ACSA,PC1-H,PC,H,1,,,0
ACSA,PC1-H,PC,H,1,,,0
ACSA,PC1-H,PC,H,1,,,0
ACSA,PC1-H,PC,H,2,,,0
ACSA,PC1-H,PC,H,2,,,0
ACSA,PC1-H,PC,H,2,,,0
ACSA,PC1-H,PC,H,3,,,0
ACSA,PC1-H,PC,H,3,,,0
ACSA,PC1-H,PC,H,3,,,0
ACSA,PC1-H,PC,H,3,,,0
