mountain,site,spp,treatment,rep,survey,date_approx,abv_biomass_dry_seed1,abv_biomass_dry_seed2,abv_biomass_dry_seed3,root_biomass_dry_seed1,root_biomass_dry_seed2,root_biomass_dry_seed3,root_shoot_ratio1,root_shoot_ratio2,root_shoot_ratio3,total_bio1,total_bio2,total_bio3,num_alive,survival,height_avg,num_leaves,diam_avg_end,diam_avg_start,diam_change,root_shoot_ratio_avg,total_bio_avg,total_abv_avg,total_below_avg,root_path,herb,browse
ABE,H,ACSA,C,2,final,21-Sep,2.653,1.542,1.401,5.7095,2.801,4.111,2.152,1.816,2.934,8.363,4.343,5.512,3,1,19.9898,3.33,7,5.067,1.933,2.300666667,6.072666667,1.865333333,4.207166667,0,1,0
ABE,H,ACSA,C,2,final,21-Sep,3.399,2.739,NA,5.131,4.409,NA,1.51,1.61,NA,8.53,7.148,NA,2,0.666666667,23.876,7.5,8,4.9,3.1,1.56,7.839,3.069,4.77,0,1,0
ABE,H,ACSA,C,4,final,21-Sep,1.089,0.556,NA,3.454,1.049,NA,3.172,1.887,NA,4.543,1.605,NA,2,0.666666667,14.605,4,5,4.333,0.667,2.5295,3.074,0.8225,2.2515,1,1,1
JAY,H,ACSA,C,1,final,21-Sep,2.249,1.538,NA,6.156,2.651,NA,2.737,1.724,NA,8.405,4.189,NA,2,0.666666667,25.4,4.5,7.5,5,2.5,2.2305,6.297,1.8935,4.4035,0,1,0
JAY,H,ACSA,C,2,final,21-Sep,2.511,2.084,0.466,5.58,5.173,0.8265,2.222,2.482,1.774,8.091,7.257,1.293,3,1,18.288,6.67,6,5.5,0.5,2.159333333,5.547,1.687,3.859833333,0,1,1
JAY,H,ACSA,C,3,final,21-Sep,4.046,1.891,1.715,8.575,4.636,3.238,2.119,2.452,1.888,12.621,6.527,4.953,3,1,21.9202,7.67,6.67,4.933,1.737,2.153,8.033666667,2.550666667,5.483,0,0,1
JAY,H,ACSA,C,4,final,21-Sep,NA,NA,NA,NA,NA,NA,NA,NA,NA,NA,NA,NA,0,0,0,NA,NA,5.3,NA,NA,NA,NA,NA,0,1,0
KIL,H,ACSA,C,1,final,21-Sep,2.942,2.143,2.002,7.0835,3.9055,3.836,2.408,1.822,1.916,10.026,6.049,5.838,3,1,25.5778,7.33,6.33,5.533,0.797,2.048666667,7.304333333,2.362333333,4.941666667,0,1,0
KIL,H,ACSA,C,2,final,21-Sep,1.372,1.024,NA,1.9215,1.764,NA,1.401,1.723,NA,3.294,2.788,NA,2,0.666666667,22.987,7.5,5,4.1,0.9,1.562,3.041,1.198,1.84275,0,1,0
KIL,H,ACSA,C,3,final,21-Sep,2.253,0.864,NA,3.3135,1.801,NA,1.471,2.084,NA,5.567,2.665,NA,2,0.666666667,20.447,7.5,6.5,4.9,1.6,1.7775,4.116,1.5585,2.55725,1,1,0
KIL,H,ACSA,C,4,final,21-Sep,NA,NA,NA,NA,NA,NA,NA,NA,NA,NA,NA,NA,0,0,0,NA,NA,3.4,NA,NA,NA,NA,NA,0,0,0
MAN,H,ACSA,C,1,final,21-Sep,0.922,NA,NA,2.311,NA,NA,2.507,NA,NA,3.233,NA,NA,1,0.333333333,13.462,7,6,3.467,2.533,2.507,3.233,0.922,2.311,0,0,1
MAN,H,ACSA,C,2,final,21-Sep,1.404,NA,NA,2.5185,NA,NA,1.794,NA,NA,3.923,NA,NA,1,0.333333333,21.082,7,5,3.667,1.333,1.794,3.923,1.404,2.5185,0,0,0
MAN,H,ACSA,C,3,final,21-Sep,1.158,NA,NA,1.148,NA,NA,0.991,NA,NA,2.306,NA,NA,1,0.333333333,20.32,6,4,4.367,-0.367,0.991,2.306,1.158,1.148,0,1,0
MAN,H,ACSA,C,4,final,21-Sep,0.956,NA,NA,2.3255,NA,NA,2.433,NA,NA,3.282,NA,NA,1,0.333333333,15.494,11,5,2.6,2.4,2.433,3.282,0.956,2.3255,1,0,1
ABE,H,FAGR,C,1,final,21-Sep,NA,NA,NA,NA,NA,NA,NA,NA,NA,NA,NA,NA,0,0,0,NA,NA,4.167,NA,NA,NA,NA,NA,0,1,1
ABE,H,FAGR,C,1,final,21-Sep,NA,NA,NA,NA,NA,NA,NA,NA,NA,NA,NA,NA,0,0,0,NA,NA,3.7,NA,NA,NA,NA,NA,0,1,1
ABE,H,FAGR,C,2,final,21-Sep,NA,NA,NA,NA,NA,NA,NA,NA,NA,NA,NA,NA,0,0,0,NA,NA,3.867,NA,NA,NA,NA,NA,1,1,0
ABE,H,FAGR,C,2,final,21-Sep,2.148,NA,NA,2.776,NA,NA,1.292,NA,NA,4.924,NA,NA,1,0.333333333,39.116,9,6,4.1,1.9,1.292,4.924,2.148,2.776,1,1,0
ABE,H,FAGR,C,3,final,21-Sep,1.106,1.103,1.054,2,1.9415,0.5295,1.808,1.76,0.502,3.106,3.045,1.584,3,1,32.004,11.33,4.67,3.5,1.17,1.356666667,2.578333333,1.087666667,1.490333333,0,1,0
JAY,H,FAGR,C,1,final,21-Sep,NA,NA,NA,NA,NA,NA,NA,NA,NA,NA,NA,NA,0,0,0,NA,NA,2.6,NA,NA,NA,NA,NA,0,0,0
JAY,H,FAGR,C,2,final,21-Sep,0.701,NA,NA,1.004,NA,NA,1.432,NA,NA,1.705,NA,NA,1,0.333333333,24.638,7,4,2.733,1.267,1.432,1.705,0.701,1.004,0,0,0
JAY,H,FAGR,C,3,final,21-Sep,0.308,0.228,NA,0.675,0.4215,NA,2.192,1.849,NA,0.983,0.65,NA,2,0.666666667,17.653,3,4,2.8,1.2,2.0205,0.8165,0.268,0.54825,0,1,0
JAY,H,FAGR,C,4,final,21-Sep,NA,NA,NA,NA,NA,NA,NA,NA,NA,NA,NA,NA,0,0,0,NA,NA,2.667,NA,NA,NA,NA,NA,0,0,0
KIL,H,FAGR,C,1,final,21-Sep,NA,NA,NA,NA,NA,NA,NA,NA,NA,NA,NA,NA,0,0,0,NA,NA,3.433,NA,NA,NA,NA,NA,0,0,0
KIL,H,FAGR,C,2,final,21-Sep,2.282,1.816,1.64,2.575,2.0545,1.851,1.128,1.131,1.129,4.857,3.871,3.491,3,1,41.4782,13.33,5,3.767,1.233,1.129333333,4.073,1.912666667,2.160166667,0,1,0
KIL,H,FAGR,C,3,final,21-Sep,2.735,NA,NA,2.2305,NA,NA,0.816,NA,NA,4.966,NA,NA,1,0.333333333,57.15,19,6,3.967,2.033,0.816,4.966,2.735,2.2305,0,1,0
KIL,H,FAGR,C,4,final,21-Sep,5.688,1.77,NA,4.8845,2.482,NA,0.859,1.402,NA,10.573,4.252,NA,2,0.666666667,46.355,31,6.5,4.233,2.267,1.1305,7.4125,3.729,3.68325,1,1,0
MAN,H,FAGR,C,1,final,21-Sep,0.237,NA,NA,0.3005,NA,NA,1.268,NA,NA,0.538,NA,NA,1,0.333333333,19.05,6,3,2.1,0.9,1.268,0.538,0.237,0.3005,0,0,0
MAN,H,FAGR,C,2,final,21-Sep,NA,NA,NA,NA,NA,NA,NA,NA,NA,NA,NA,NA,0,0,0,NA,NA,1.733,NA,NA,NA,NA,NA,0,0,0
MAN,H,FAGR,C,3,final,21-Sep,NA,NA,NA,NA,NA,NA,NA,NA,NA,NA,NA,NA,0,0,0,NA,NA,4.433,NA,NA,NA,NA,NA,1,0,0
MAN,H,FAGR,C,4,final,21-Sep,NA,NA,NA,NA,NA,NA,NA,NA,NA,NA,NA,NA,0,0,0,NA,NA,4.167,NA,NA,NA,NA,NA,1,0,0
ABE,H,ACSA,D,1,final,21-Sep,2.629,2.265,1.548,5.895,2.39,2.012,2.242,1.055,1.3,8.524,4.655,3.56,3,1,22.5298,4.67,7.67,6.067,1.603,1.532333333,5.579666667,2.147333333,3.432333333,0,0,1
ABE,H,ACSA,D,2,final,21-Sep,2.026,1.401,1.14,4.329,3.0595,2.021,2.137,2.184,1.773,6.355,4.461,3.161,3,1,23.876,4,5.33,4.667,0.663,2.031333333,4.659,1.522333333,3.1365,0,1,0
ABE,H,ACSA,D,3,final,21-Sep,1.208,NA,NA,2.1365,NA,NA,1.769,NA,NA,3.345,NA,NA,1,0.333333333,23.368,1,5,4.133,0.867,1.769,3.345,1.208,2.1365,0,1,1
ABE,H,ACSA,D,4,final,21-Sep,5.768,2.016,0.763,6.595,2.929,1.503,1.143,1.453,1.97,12.363,4.945,2.266,3,1,22.6822,7,8.33,4.833,3.497,1.522,6.524666667,2.849,3.675666667,0,0,1
JAY,H,ACSA,D,1,final,21-Sep,2.595,1.229,NA,3.755,3.426,NA,1.447,2.788,NA,6.35,4.655,NA,2,0.666666667,19.939,8.5,6.5,6.333,0.167,2.1175,5.5025,1.912,3.5905,1,1,0
JAY,H,ACSA,D,2,final,21-Sep,1.927,1.913,1.562,6.8815,6.8425,5.215,3.571,3.577,3.339,8.809,8.756,6.777,3,1,23.5458,16.33,5.33,3.9,1.43,3.495666667,8.114,1.800666667,6.313,0,0,0
JAY,H,ACSA,D,3,final,21-Sep,2.414,2.095,1.813,6.089,4.6915,4.016,2.522,2.239,2.215,8.503,6.787,5.829,3,1,22.4282,9,7.33,5.6,1.73,2.325333333,7.039666667,2.107333333,4.932166667,0,0,0
JAY,H,ACSA,D,4,final,21-Sep,3.22,2.513,0.978,7.825,5.884,2.5,2.43,2.341,2.556,11.045,8.397,3.478,3,1,21.844,8.33,7.33,4.433,2.897,2.442333333,7.64,2.237,5.403,0,1,1
KIL,H,ACSA,D,1,final,21-Sep,1.579,0.698,NA,1.5885,1.5,NA,1.006,2.149,NA,3.168,2.198,NA,2,0.666666667,16.764,6,5,3.767,1.233,1.5775,2.683,1.1385,1.54425,1,1,0
KIL,H,ACSA,D,2,final,21-Sep,NA,NA,NA,NA,NA,NA,NA,NA,NA,NA,NA,NA,0,0,0,NA,NA,3.467,NA,NA,NA,NA,NA,0,0,0
KIL,H,ACSA,D,3,final,21-Sep,1.936,NA,NA,1.685,NA,NA,0.87,NA,NA,3.621,NA,NA,1,0.333333333,24.384,8,5,3.633,1.367,0.87,3.621,1.936,1.685,0,0,0
KIL,H,ACSA,D,4,final,21-Sep,NA,NA,NA,NA,NA,NA,NA,NA,NA,NA,NA,NA,0,0,0,NA,NA,3.133,NA,NA,NA,NA,NA,0,1,1
MAN,H,ACSA,D,1,final,21-Sep,0.866,0.718,NA,2.354,1.938,NA,2.718,2.699,NA,3.22,2.656,NA,2,0.666666667,18.415,6,4.5,3.533,0.967,2.7085,2.938,0.792,2.146,0,1,0
MAN,H,ACSA,D,2,final,21-Sep,1.602,NA,NA,1.639,NA,NA,1.023,NA,NA,3.241,NA,NA,1,0.333333333,29.972,7,6,3.8,2.2,1.023,3.241,1.602,1.639,1,0,1
MAN,H,ACSA,D,3,final,21-Sep,1.293,NA,NA,3.187,NA,NA,2.465,NA,NA,4.48,NA,NA,1,0.333333333,21.844,6,7,3.667,3.333,2.465,4.48,1.293,3.187,1,0,0
MAN,H,ACSA,D,4,final,21-Sep,1.301,1.063,NA,3.5695,3.211,NA,2.744,3.021,NA,4.871,4.274,NA,2,0.666666667,13.335,7,6,4,2,2.8825,4.5725,1.182,3.39025,1,0,1
ABE,H,FAGR,D,1,final,21-Sep,NA,NA,NA,NA,NA,NA,NA,NA,NA,NA,NA,NA,0,0,0,NA,NA,4.6,NA,NA,NA,NA,NA,0,1,1
ABE,H,FAGR,D,2,final,21-Sep,1.193,0.636,NA,1.194,0.5995,NA,1.001,0.943,NA,2.387,1.236,NA,2,0.666666667,30.861,7,4,3.633,0.367,0.972,1.8115,0.9145,0.89675,0,0,0
ABE,H,FAGR,D,3,final,21-Sep,NA,NA,NA,NA,NA,NA,NA,NA,NA,NA,NA,NA,0,0,0,NA,NA,4.233,NA,NA,NA,NA,NA,0,1,0
ABE,H,FAGR,D,4,final,21-Sep,NA,NA,NA,NA,NA,NA,NA,NA,NA,NA,NA,NA,0,0,0,NA,NA,3.433,NA,NA,NA,NA,NA,1,1,1
JAY,H,FAGR,D,1,final,21-Sep,NA,NA,NA,NA,NA,NA,NA,NA,NA,NA,NA,NA,0,0,0,NA,NA,4.067,NA,NA,NA,NA,NA,0,0,0
JAY,H,FAGR,D,2,final,21-Sep,0.312,0.277,NA,0.5145,0.492,NA,1.649,1.776,NA,0.827,0.769,NA,2,0.666666667,16.891,5.5,3.5,2.8,0.7,1.7125,0.798,0.2945,0.50325,1,1,0
JAY,H,FAGR,D,3,final,21-Sep,NA,NA,NA,NA,NA,NA,NA,NA,NA,NA,NA,NA,0,0,0,NA,NA,3,NA,NA,NA,NA,NA,0,0,0
JAY,H,FAGR,D,4,final,21-Sep,0.555,NA,NA,0.492,NA,NA,0.886,NA,NA,1.047,NA,NA,1,0.333333333,22.098,5,4,2.267,1.733,0.886,1.047,0.555,0.492,0,0,0
KIL,H,FAGR,D,1,final,21-Sep,NA,NA,NA,NA,NA,NA,NA,NA,NA,NA,NA,NA,0,0,0,NA,NA,4.9,NA,NA,NA,NA,NA,1,0,0
KIL,H,FAGR,D,2,final,21-Sep,2.541,NA,NA,2.7255,NA,NA,1.073,NA,NA,5.267,NA,NA,1,0.333333333,47.498,12,6,3.933,2.067,1.073,5.267,2.541,2.7255,0,0,0
KIL,H,FAGR,D,3,final,21-Sep,2.835,NA,NA,2.798,NA,NA,0.987,NA,NA,5.633,NA,NA,1,0.333333333,38.862,17,5,4.167,0.833,0.987,5.633,2.835,2.798,0,1,0
KIL,H,FAGR,D,4,final,21-Sep,1.743,NA,NA,2.0575,NA,NA,1.18,NA,NA,3.801,NA,NA,1,0.333333333,31.242,21,4,3.733,0.267,1.18,3.801,1.743,2.0575,0,1,0
MAN,H,FAGR,D,1,final,21-Sep,NA,NA,NA,NA,NA,NA,NA,NA,NA,NA,NA,NA,0,0,0,NA,NA,2,NA,NA,NA,NA,NA,0,0,0
MAN,H,FAGR,D,2,final,21-Sep,0.158,NA,NA,0.2325,NA,NA,1.472,NA,NA,0.391,NA,NA,1,0.333333333,12.7,4,3,2,1,1.472,0.391,0.158,0.2325,0,0,0
MAN,H,FAGR,D,3,final,21-Sep,NA,NA,NA,NA,NA,NA,NA,NA,NA,NA,NA,NA,0,0,0,NA,NA,2.767,NA,NA,NA,NA,NA,0,0,0
MAN,H,FAGR,D,4,final,21-Sep,NA,NA,NA,NA,NA,NA,NA,NA,NA,NA,NA,NA,0,0,0,NA,NA,3.133,NA,NA,NA,NA,NA,0,0,0
ABE,H,ACSA,N,1,final,21-Sep,3.627,2.76,1.931,7.458,5.3805,5.3535,2.056,1.949,2.772,11.085,8.141,7.285,3,1,23.4442,4.33,9,7,2,2.259,8.837,2.772666667,6.064,0,0,0
ABE,H,ACSA,N,2,final,21-Sep,2.944,1.995,1.149,7,5.963,4.464,2.378,2.989,3.885,9.944,7.958,5.613,3,1,21.59,3.33,7.33,5.367,1.963,3.084,7.838333333,2.029333333,5.809,0,0,1
ABE,H,ACSA,N,3,final,21-Sep,0.206,NA,NA,1.4045,NA,NA,6.818,NA,NA,1.611,NA,NA,1,0.333333333,6.604,2,5,4.067,0.933,6.818,1.611,0.206,1.4045,0,1,1
ABE,H,ACSA,N,4,final,21-Sep,2.181,1.174,1.162,2.116,1.4555,1.347,0.97,1.24,1.159,4.297,2.63,2.509,3,1,23.5458,3,6,4.4,1.6,1.123,3.145333333,1.505666667,1.6395,0,0,1
JAY,H,ACSA,N,1,final,21-Sep,1.453,NA,NA,2.619,NA,NA,1.802,NA,NA,4.072,NA,NA,1,0.333333333,24.892,14,5,4.067,0.933,1.802,4.072,1.453,2.619,0,1,0
JAY,H,ACSA,N,2,final,21-Sep,3.985,2.957,1.93,9.927,7.6255,3.5025,2.491,2.579,1.815,13.912,10.583,5.433,3,1,28.8798,14.33,7.33,4.933,2.397,2.295,9.976,2.957333333,7.018333333,0,0,0
JAY,H,ACSA,N,3,final,21-Sep,2.553,1.989,1.504,2.7315,2.54,2.194,1.07,1.277,1.459,5.285,4.529,3.698,3,1,25.8318,7,6,4.933,1.067,1.268666667,4.504,2.015333333,2.4885,0,0,0
JAY,H,ACSA,N,4,final,21-Sep,2.012,1.358,1.091,5.1445,3.1925,2.9245,2.557,2.351,2.681,7.157,4.551,4.016,3,1,16.4338,8.67,6.67,4.767,1.903,2.529666667,5.241333333,1.487,3.753833333,0,0,0
KIL,H,ACSA,N,1,final,21-Sep,1.931,0.965,0.832,2.0795,2.062,0.7245,1.077,2.137,0.871,4.011,3.027,1.557,3,1,26.2382,7.33,5.33,4.2,1.13,1.361666667,2.865,1.242666667,1.622,0,1,0
KIL,H,ACSA,N,2,final,21-Sep,0.896,NA,NA,1.184,NA,NA,1.321,NA,NA,2.08,NA,NA,1,0.333333333,20.066,2,5.5,3.333,2.167,1.321,2.08,0.896,1.184,0,1,0
KIL,H,ACSA,N,3,final,21-Sep,NA,NA,NA,NA,NA,NA,NA,NA,NA,NA,NA,NA,0,0,0,NA,NA,3.5,NA,NA,NA,NA,NA,0,1,0
KIL,H,ACSA,N,4,final,21-Sep,1.627,NA,NA,2.866,NA,NA,1.762,NA,NA,4.493,NA,NA,1,0.333333333,24.892,9,5,4.067,0.933,1.762,4.493,1.627,2.866,1,0,0
MAN,H,ACSA,N,1,final,21-Sep,1.708,NA,NA,1.963,NA,NA,1.149,NA,NA,3.671,NA,NA,1,0.333333333,31.75,18,6,4.233,1.767,1.149,3.671,1.708,1.963,0,1,0
MAN,H,ACSA,N,2,final,21-Sep,0.799,0.514,NA,0.996,0.3985,NA,1.247,0.775,NA,1.795,0.913,NA,2,0.666666667,21.209,5.5,5.5,3.3,2.2,1.011,1.354,0.6565,0.69725,0,0,0
MAN,H,ACSA,N,3,final,21-Sep,1.437,1.234,0.987,2.269,1.9575,1.857,1.579,1.586,1.881,3.706,3.192,2.844,3,1,22.5298,5.67,6.33,4.1,2.23,1.682,3.247333333,1.219333333,2.027833333,0,1,1
MAN,H,ACSA,N,4,final,21-Sep,2.365,1.646,NA,5.287,2.4925,NA,2.236,1.514,NA,7.652,4.139,NA,2,0.666666667,18.542,7,7,4.7,2.3,1.875,5.8955,2.0055,3.88975,1,0,1
ABE,H,FAGR,N,1,final,21-Sep,NA,NA,NA,NA,NA,NA,NA,NA,NA,NA,NA,NA,0,0,0,NA,NA,4.633,NA,NA,NA,NA,NA,1,0,0
ABE,H,FAGR,N,2,final,21-Sep,NA,NA,NA,NA,NA,NA,NA,NA,NA,NA,NA,NA,0,0,0,NA,NA,5.167,NA,NA,NA,NA,NA,0,0,0
ABE,H,FAGR,N,3,final,21-Sep,NA,NA,NA,NA,NA,NA,NA,NA,NA,NA,NA,NA,0,0,0,NA,NA,4.867,NA,NA,NA,NA,NA,0,1,0
ABE,H,FAGR,N,4,final,21-Sep,2.511,1.011,NA,1.905,0.709,NA,0.759,0.701,NA,4.416,1.72,NA,2,0.666666667,46.228,7.5,8,4.1,3.9,0.73,3.068,1.761,1.307,0,1,0
JAY,H,FAGR,N,1,final,21-Sep,0.778,0.444,NA,1.012,0.732,NA,1.301,1.649,NA,1.79,1.176,NA,2,0.666666667,14.351,5,4.5,3.867,0.633,1.475,1.483,0.611,0.872,0,0,0
JAY,H,FAGR,N,2,final,21-Sep,NA,NA,NA,NA,NA,NA,NA,NA,NA,NA,NA,NA,0,0,0,NA,NA,2.133,NA,NA,NA,NA,NA,0,1,0
JAY,H,FAGR,N,3,final,21-Sep,0.483,0.246,NA,0.429,0.197,NA,0.888,0.801,NA,0.912,0.443,NA,2,0.666666667,21.209,3,3.5,3.167,0.333,0.8445,0.6775,0.3645,0.313,1,0,0
JAY,H,FAGR,N,4,final,21-Sep,NA,NA,NA,NA,NA,NA,NA,NA,NA,NA,NA,NA,0,0,0,NA,NA,2.167,NA,NA,NA,NA,NA,1,0,1
KIL,H,FAGR,N,1,final,21-Sep,1.324,NA,NA,1.2555,NA,NA,0.948,NA,NA,2.58,NA,NA,1,0.333333333,36.83,19,4,5.067,-1.067,0.948,2.58,1.324,1.2555,0,1,0
KIL,H,FAGR,N,2,final,21-Sep,NA,NA,NA,NA,NA,NA,NA,NA,NA,NA,NA,NA,0,0,0,NA,NA,3.967,NA,NA,NA,NA,NA,1,0,0
KIL,H,FAGR,N,3,final,21-Sep,2.049,1.53,NA,2.354,1.727,NA,1.149,1.129,NA,4.403,3.257,NA,2,0.666666667,40.132,19,4.5,4.6,-0.1,1.139,3.83,1.7895,2.0405,0,1,0
KIL,H,FAGR,N,4,final,21-Sep,3.034,2.186,1.572,5.448,2.624,2.269,1.796,1.2,1.443,8.482,4.81,3.841,3,1,52.07,24,6.33,4.467,1.863,1.479666667,5.711,2.264,3.447,0,1,0
MAN,H,FAGR,N,1,final,21-Sep,0.32,NA,NA,0.442,NA,NA,1.381,NA,NA,0.762,NA,NA,1,0.333333333,19.05,4,3,2.3,0.7,1.381,0.762,0.32,0.442,0,0,0
MAN,H,FAGR,N,2,final,21-Sep,0.261,0.218,NA,0.324,0.298,NA,1.241,1.367,NA,0.585,0.516,NA,2,0.666666667,17.399,3,4.5,2.667,1.833,1.304,0.5505,0.2395,0.311,0,1,0
MAN,H,FAGR,N,3,final,21-Sep,NA,NA,NA,NA,NA,NA,NA,NA,NA,NA,NA,NA,0,0,0,NA,NA,4.3,NA,NA,NA,NA,NA,1,0,0
MAN,H,FAGR,N,4,final,21-Sep,NA,NA,NA,NA,NA,NA,NA,NA,NA,NA,NA,NA,0,0,0,NA,NA,4.3,NA,NA,NA,NA,NA,0,0,0
ABE,L,ACSA,C,1,final,21-Sep,0.542,NA,NA,1.0125,NA,NA,1.868,NA,NA,1.555,NA,NA,1,0.333333333,16.002,4,4,4.833,-0.833,1.868,1.555,0.542,1.0125,0,1,0
ABE,L,ACSA,C,2,final,21-Sep,0.551,NA,NA,0.9805,NA,NA,1.779,NA,NA,1.532,NA,NA,1,0.333333333,20.32,4,4,2.867,1.133,1.779,1.532,0.551,0.9805,0,1,0
ABE,L,ACSA,C,3,final,21-Sep,1.649,1.534,NA,2.402,1.879,NA,1.457,1.225,NA,4.051,3.413,NA,2,0.666666667,24.257,5,6,4.367,1.633,1.341,3.732,1.5915,2.1405,0,1,0
ABE,L,ACSA,C,4,final,21-Sep,2.433,NA,NA,3.254,NA,NA,1.337,NA,NA,5.687,NA,NA,1,0.333333333,27.178,8,5,3.967,1.033,1.337,5.687,2.433,3.254,0,1,0
JAY,L,ACSA,C,1,final,21-Sep,NA,NA,NA,NA,NA,NA,NA,NA,NA,NA,NA,NA,0,0,0,NA,NA,5.23,NA,NA,NA,NA,NA,0,1,0
JAY,L,ACSA,C,2,final,21-Sep,2.259,NA,NA,3.224,NA,NA,1.427,NA,NA,5.483,NA,NA,1,0.333333333,27.94,4,6,4.567,1.433,1.427,5.483,2.259,3.224,0,1,0
JAY,L,ACSA,C,3,final,21-Sep,1.169,0.893,NA,2.788,1.122,NA,2.385,1.256,NA,3.957,2.015,NA,2,0.666666667,22.479,6.5,4.5,3.933,0.567,1.8205,2.986,1.031,1.955,0,1,0
JAY,L,ACSA,C,4,final,21-Sep,1.368,NA,NA,1.34,NA,NA,0.98,NA,NA,2.708,NA,NA,1,0.333333333,27.94,10,4,3.567,0.433,0.98,2.708,1.368,1.34,1,1,0
KIL,L,ACSA,C,1,final,21-Sep,4.473,3.206,0.995,5.0785,3.92,1.766,1.135,1.223,1.775,9.552,7.126,2.761,3,1,31.75,9.33,5.33,4.4,0.93,1.377666667,6.479666667,2.891333333,3.588166667,0,1,0
KIL,L,ACSA,C,2,final,21-Sep,2.443,NA,NA,3.856,NA,NA,1.578,NA,NA,6.299,NA,NA,1,0.333333333,28.956,7,6,4.2,1.8,1.578,6.299,2.443,3.856,1,1,0
KIL,L,ACSA,C,3,final,21-Sep,2.781,2.647,1.805,5.9,4.124,2.497,2.122,1.558,1.383,8.681,6.771,4.302,3,1,26.7462,7.33,5,4.733,0.267,1.687666667,6.584666667,2.411,4.173666667,0,1,0
KIL,L,ACSA,C,4,final,21-Sep,3.216,1.594,1.332,4.2645,2.264,1.736,1.326,1.42,1.303,7.481,3.858,3.068,3,1,25.9842,6.67,6.67,5.167,1.503,1.349666667,4.802333333,2.047333333,2.754833333,0,1,0
MAN,L,ACSA,C,1,final,21-Sep,NA,NA,NA,NA,NA,NA,NA,NA,NA,NA,NA,NA,0,0,0,NA,NA,4.733,NA,NA,NA,NA,NA,0,1,0
MAN,L,ACSA,C,2,final,21-Sep,NA,NA,NA,NA,NA,NA,NA,NA,NA,NA,NA,NA,0,0,0,NA,NA,5.3,NA,NA,NA,NA,NA,0,1,0
MAN,L,ACSA,C,3,final,21-Sep,NA,NA,NA,NA,NA,NA,NA,NA,NA,NA,NA,NA,0,0,0,NA,NA,4.667,NA,NA,NA,NA,NA,0,1,1
MAN,L,ACSA,C,4,final,21-Sep,NA,NA,NA,NA,NA,NA,NA,NA,NA,NA,NA,NA,0,0,0,NA,NA,3.533,NA,NA,NA,NA,NA,0,1,0
ABE,L,FAGR,C,1,final,21-Sep,NA,NA,NA,NA,NA,NA,NA,NA,NA,NA,NA,NA,0,0,0,NA,NA,4.5,NA,NA,NA,NA,NA,0,1,0
ABE,L,FAGR,C,2,final,21-Sep,NA,NA,NA,NA,NA,NA,NA,NA,NA,NA,NA,NA,0,0,0,NA,NA,5.2,NA,NA,NA,NA,NA,1,1,0
ABE,L,FAGR,C,3,final,21-Sep,NA,NA,NA,NA,NA,NA,NA,NA,NA,NA,NA,NA,0,0,0,NA,NA,4,NA,NA,NA,NA,NA,1,1,0
ABE,L,FAGR,C,4,final,21-Sep,7.665,NA,NA,4.443,NA,NA,0.58,NA,NA,12.108,NA,NA,1,0.333333333,53.34,28,7,5.433,1.567,0.58,12.108,7.665,4.443,0,1,0
JAY,L,FAGR,C,1,final,21-Sep,NA,NA,NA,NA,NA,NA,NA,NA,NA,NA,NA,NA,0,0,0,NA,NA,2.633,NA,NA,NA,NA,NA,1,1,0
JAY,L,FAGR,C,2,final,21-Sep,0.253,0.205,NA,0.4755,0.373,NA,1.879,1.82,NA,0.729,0.578,NA,2,0.666666667,16.256,3,4,2.6,1.4,1.8495,0.6535,0.229,0.42425,0,0,0
JAY,L,FAGR,C,3,final,21-Sep,NA,NA,NA,NA,NA,NA,NA,NA,NA,NA,NA,NA,0,0,0,NA,NA,2.6,NA,NA,NA,NA,NA,0,0,0
JAY,L,FAGR,C,4,final,21-Sep,0.239,0.148,NA,0.2925,0.234,0.199,1.224,1.581,NA,0.532,0.382,NA,3,1,16.5862,2.33,3,2.433,0.567,1.4025,0.457,0.1935,0.241833333,0,0,0
KIL,L,FAGR,C,1,final,21-Sep,4.072,3.633,NA,4.533,3.967,NA,1.113,1.092,NA,8.605,7.6,NA,2,0.666666667,36.195,18.5,7,5.133,1.867,1.1025,8.1025,3.8525,4.25,0,1,0
KIL,L,FAGR,C,2,final,21-Sep,NA,NA,NA,NA,NA,NA,NA,NA,NA,NA,NA,NA,0,0,0,NA,NA,4.167,NA,NA,NA,NA,NA,0,0,0
KIL,L,FAGR,C,3,final,21-Sep,1.973,NA,NA,1.9165,NA,NA,0.971,NA,NA,3.89,NA,NA,1,0.333333333,41.91,8,5,4.567,0.433,0.971,3.89,1.973,1.9165,0,0,0
KIL,L,FAGR,C,4,final,21-Sep,2.449,1.539,NA,2.951,1.3085,NA,1.205,0.85,NA,5.4,2.848,NA,2,0.666666667,47.879,20,5,4.133,0.867,1.0275,4.124,1.994,2.12975,0,1,0
MAN,L,FAGR,C,1,final,21-Sep,0.175,0.152,NA,0.1625,0.1215,NA,0.929,0.799,NA,0.338,0.274,NA,2,0.666666667,19.431,3,3,3.067,-0.067,0.864,0.306,0.1635,0.142,1,0,0
MAN,L,FAGR,C,2,final,21-Sep,NA,NA,NA,NA,NA,NA,NA,NA,NA,NA,NA,NA,1,0.333333333,11.684,3,3,1.967,1.033,NA,NA,NA,NA,0,1,0
MAN,L,FAGR,C,3,final,21-Sep,0.751,0.276,NA,0.9955,0.1855,NA,1.326,0.672,NA,1.747,0.462,NA,2,0.666666667,25.146,3,3.5,3.133,0.367,0.999,1.1045,0.5135,0.5905,0,1,0
MAN,L,FAGR,C,4,final,21-Sep,NA,NA,NA,NA,NA,NA,NA,NA,NA,NA,NA,NA,0,0,0,NA,NA,3.367,NA,NA,NA,NA,NA,0,0,0
ABE,L,ACSA,D,1,final,21-Sep,1.282,NA,NA,1.733,NA,NA,1.352,NA,NA,3.015,NA,NA,1,0.333333333,23.622,12,6,4.367,1.633,1.352,3.015,1.282,1.733,1,1,0
ABE,L,ACSA,D,2,final,21-Sep,1.129,NA,NA,1.34,NA,NA,1.187,NA,NA,2.469,NA,NA,1,0.333333333,17.272,7,5,3.567,1.433,1.187,2.469,1.129,1.34,0,1,0
ABE,L,ACSA,D,3,final,21-Sep,1.066,1.023,NA,0.9565,0.6145,NA,0.897,0.601,NA,2.023,1.638,NA,2,0.666666667,21.209,5,6,4.233,1.767,0.749,1.8305,1.0445,0.7855,0,1,0
ABE,L,ACSA,D,4,final,21-Sep,1.358,0.936,NA,1.798,0.806,NA,1.324,0.861,NA,3.156,1.742,NA,2,0.666666667,20.828,6,5.5,5.167,0.333,1.0925,2.449,1.147,1.302,0,1,0
JAY,L,ACSA,D,1,final,21-Sep,NA,NA,NA,NA,NA,NA,NA,NA,NA,NA,NA,NA,0,0,0,NA,NA,4.4,NA,NA,NA,NA,NA,0,1,1
JAY,L,ACSA,D,2,final,21-Sep,NA,NA,NA,NA,NA,NA,NA,NA,NA,NA,NA,NA,0,0,0,NA,NA,5.567,NA,NA,NA,NA,NA,0,1,0
JAY,L,ACSA,D,3,final,21-Sep,3.076,1.056,NA,4.786,2.8335,NA,1.556,2.683,NA,7.862,3.89,NA,2,0.666666667,29.718,8.5,6.5,4.9,1.6,2.1195,5.876,2.066,3.80975,0,0,0
JAY,L,ACSA,D,4,final,21-Sep,NA,NA,NA,NA,NA,NA,NA,NA,NA,NA,NA,NA,0,0,0,NA,NA,4.667,NA,NA,NA,NA,NA,1,1,0
KIL,L,ACSA,D,1,final,21-Sep,4.586,3.752,NA,7.724,3.291,2.818,1.684,0.877,NA,12.31,7.043,NA,3,1,27.432,10,7.33,5.367,1.963,1.2805,9.6765,4.169,4.611,0,1,1
KIL,L,ACSA,D,2,final,21-Sep,1.375,NA,NA,2.0335,NA,NA,1.479,NA,NA,3.409,NA,NA,1,0.333333333,25.146,6,5,4.1,0.9,1.479,3.409,1.375,2.0335,0,1,0
KIL,L,ACSA,D,3,final,21-Sep,4.041,0.686,NA,5.3595,1.125,NA,1.326,1.64,NA,9.401,1.811,NA,2,0.666666667,24.892,6,6,4.5,1.5,1.483,5.606,2.3635,3.24225,0,0,0
KIL,L,ACSA,D,4,final,21-Sep,4.082,NA,NA,4.1915,NA,NA,1.027,NA,NA,8.274,NA,NA,1,0.333333333,35.814,11,7,5.8,1.2,1.027,8.274,4.082,4.1915,1,1,0
MAN,L,ACSA,D,1,final,21-Sep,NA,NA,NA,NA,NA,NA,NA,NA,NA,NA,NA,NA,0,0,0,NA,NA,5.367,NA,NA,NA,NA,NA,0,1,0
MAN,L,ACSA,D,2,final,21-Sep,NA,NA,NA,NA,NA,NA,NA,NA,NA,NA,NA,NA,0,0,0,NA,NA,4.067,NA,NA,NA,NA,NA,1,0,0
MAN,L,ACSA,D,3,final,21-Sep,NA,NA,NA,NA,NA,NA,NA,NA,NA,NA,NA,NA,0,0,0,NA,NA,5.433,NA,NA,NA,NA,NA,0,1,0
MAN,L,ACSA,D,4,final,21-Sep,0.987,NA,NA,1.5,NA,NA,1.52,NA,NA,2.487,NA,NA,1,0.333333333,23.368,2,7,4.867,2.133,1.52,2.487,0.987,1.5,1,1,0
ABE,L,FAGR,D,1,final,21-Sep,1.473,NA,NA,1.507,NA,NA,1.023,NA,NA,2.98,NA,NA,1,0.333333333,34.544,15,6,4.233,1.767,1.023,2.98,1.473,1.507,1,0,0
ABE,L,FAGR,D,2,final,21-Sep,2.708,1.866,NA,2.2345,1.481,NA,0.825,0.794,NA,4.943,3.347,NA,2,0.666666667,37.592,10,6,4.467,1.533,0.8095,4.145,2.287,1.85775,0,1,0
ABE,L,FAGR,D,3,final,21-Sep,1.944,NA,NA,1.053,NA,NA,0.542,NA,NA,2.997,NA,NA,1,0.333333333,35.306,8,4,4.8,-0.8,0.542,2.997,1.944,1.053,1,1,0
ABE,L,FAGR,D,4,final,21-Sep,2.471,2.349,1.873,2.162,2.0295,2.0035,0.875,0.864,1.07,4.633,4.379,3.877,3,1,37.4142,13,5,4.4,0.6,0.936333333,4.296333333,2.231,2.065,1,0,0
JAY,L,FAGR,D,1,final,21-Sep,0.197,NA,NA,0.254,NA,NA,1.289,NA,NA,0.451,NA,NA,1,0.333333333,18.034,1,3,3.133,-0.133,1.289,0.451,0.197,0.254,0,0,0
JAY,L,FAGR,D,2,final,21-Sep,NA,NA,NA,NA,NA,NA,NA,NA,NA,NA,NA,NA,0,0,0,NA,NA,3.175,NA,NA,NA,NA,NA,0,0,0
JAY,L,FAGR,D,3,final,21-Sep,NA,NA,NA,NA,NA,NA,NA,NA,NA,NA,NA,NA,0,0,0,NA,NA,2.833,NA,NA,NA,NA,NA,0,0,0
JAY,L,FAGR,D,4,final,21-Sep,0.295,0.2,NA,0.338,1.843,NA,1.146,9.215,NA,0.633,2.043,NA,2,0.666666667,18.288,5,4,2.833,1.167,5.1805,1.338,0.2475,1.0905,0,0,0
KIL,L,FAGR,D,1,final,21-Sep,4.926,3.21,NA,3.522,3.076,NA,0.715,0.958,NA,8.448,6.286,NA,2,0.666666667,35.687,13.5,8,7.233,0.767,0.8365,7.367,4.068,3.299,0,0,0
KIL,L,FAGR,D,2,final,21-Sep,2.04,NA,NA,1.5475,NA,NA,0.759,NA,NA,3.588,NA,NA,1,0.333333333,15.494,4,7,6.267,0.733,0.759,3.588,2.04,1.5475,0,0,1
KIL,L,FAGR,D,3,final,21-Sep,NA,NA,NA,NA,NA,NA,NA,NA,NA,NA,NA,NA,0,0,0,NA,NA,5.567,NA,NA,NA,NA,NA,1,0,0
KIL,L,FAGR,D,4,final,21-Sep,1.304,NA,NA,1.215,NA,NA,0.932,NA,NA,2.519,NA,NA,1,0.333333333,40.386,21,5,3.867,1.133,0.932,2.519,1.304,1.215,1,1,0
MAN,L,FAGR,D,1,final,21-Sep,0.216,NA,NA,0.4125,NA,NA,1.91,NA,NA,0.629,NA,NA,1,0.333333333,17.526,3,3,2.333,0.667,1.91,0.629,0.216,0.4125,0,0,0
MAN,L,FAGR,D,2,final,21-Sep,NA,NA,NA,NA,NA,NA,NA,NA,NA,NA,NA,NA,0,0,0,NA,NA,4,NA,NA,NA,NA,NA,0,1,0
MAN,L,FAGR,D,3,final,21-Sep,0.276,0.195,NA,0.346,0.3205,NA,1.254,1.644,NA,0.622,0.516,NA,2,0.666666667,17.78,2.5,3,2.2,0.8,1.449,0.569,0.2355,0.33325,0,0,0
MAN,L,FAGR,D,4,final,21-Sep,1.151,0.782,NA,1.1975,1.041,NA,1.04,1.331,NA,2.349,1.823,NA,2,0.666666667,24.638,4,5,3,2,1.1855,2.086,0.9665,1.11925,0,0,0
ABE,L,ACSA,N,1,final,21-Sep,1.752,NA,NA,1.1595,NA,NA,0.662,NA,NA,2.912,NA,NA,1,0.333333333,32.766,10,6,3.8,2.2,0.662,2.912,1.752,1.1595,1,1,0
ABE,L,ACSA,N,2,final,21-Sep,1.131,0.758,NA,1.6375,1.363,NA,1.448,1.798,NA,2.769,2.121,NA,2,0.666666667,23.876,6,4.5,3.367,1.133,1.623,2.445,0.9445,1.50025,0,1,0
ABE,L,ACSA,N,3,final,21-Sep,2.099,1.444,0.663,4.2355,3.909,1.004,2.018,2.707,1.514,6.335,5.353,1.667,3,1,21.59,5.33,5.33,4.1,1.23,2.079666667,4.451666667,1.402,3.0495,0,1,0
ABE,L,ACSA,N,4,final,21-Sep,1.734,NA,NA,1.457,1.264,NA,0.84,NA,NA,3.191,NA,NA,2,0.666666667,26.543,4,7.5,5.667,1.833,0.84,3.191,1.734,1.3605,0,1,0
JAY,L,ACSA,N,1,final,21-Sep,2.508,NA,NA,4.606,NA,NA,1.837,NA,NA,7.114,NA,NA,1,0.333333333,28.956,3,7,6.1,0.9,1.837,7.114,2.508,4.606,0,1,0
JAY,L,ACSA,N,2,final,21-Sep,1.695,NA,NA,2.1905,NA,NA,1.292,NA,NA,3.886,NA,NA,1,0.333333333,35.052,12,6,4.1,1.9,1.292,3.886,1.695,2.1905,0,1,0
JAY,L,ACSA,N,3,final,21-Sep,1.4,1.145,NA,2.1675,1.95,NA,1.548,1.703,NA,3.568,3.095,NA,2,0.666666667,21.209,8,6.5,4.767,1.733,1.6255,3.3315,1.2725,2.05875,0,0,0
JAY,L,ACSA,N,4,final,21-Sep,1.895,1.272,0.634,2.71,1.798,1.165,1.43,1.414,1.838,4.605,3.07,1.799,3,1,28.5242,10,5.67,4.467,1.203,1.560666667,3.158,1.267,1.891,0,0,0
KIL,L,ACSA,N,1,final,21-Sep,NA,NA,NA,NA,NA,NA,NA,NA,NA,NA,NA,NA,0,0,0,NA,NA,4.467,NA,NA,NA,NA,NA,0,1,0
KIL,L,ACSA,N,2,final,21-Sep,3.362,2.709,0.846,6.892,4.867,1.76,2.05,1.797,2.08,10.254,7.576,2.606,3,1,27.686,6.33,6.67,5.467,1.203,1.975666667,6.812,2.305666667,4.506333333,0,1,0
KIL,L,ACSA,N,3,final,21-Sep,2.497,1.446,0.681,4.04,1.453,1.065,1.618,1.005,1.564,6.537,2.899,1.746,3,1,21.6662,7,5.67,4.133,1.537,1.395666667,3.727333333,1.541333333,2.186,0,1,1
KIL,L,ACSA,N,4,final,21-Sep,3.301,3.042,NA,6.8885,4.313,NA,2.087,1.418,NA,10.19,7.355,NA,2,0.666666667,33.02,14,7,4.9,2.1,1.7525,8.7725,3.1715,5.60075,0,1,0
MAN,L,ACSA,N,1,final,21-Sep,1.474,NA,NA,2.278,NA,NA,1.545,NA,NA,3.752,NA,NA,1,0.333333333,21.844,12,6,4.333,1.667,1.545,3.752,1.474,2.278,0,1,0
MAN,L,ACSA,N,2,final,21-Sep,NA,NA,NA,NA,NA,NA,NA,NA,NA,NA,NA,NA,0,0,0,NA,NA,3.9,NA,NA,NA,NA,NA,0,1,0
MAN,L,ACSA,N,3,final,21-Sep,0.917,NA,NA,2.204,NA,NA,2.403,NA,NA,3.121,NA,NA,1,0.333333333,23.622,1,6,5.067,0.933,2.403,3.121,0.917,2.204,1,1,0
MAN,L,ACSA,N,4,final,21-Sep,NA,NA,NA,NA,NA,NA,NA,NA,NA,NA,NA,NA,0,0,0,NA,NA,4.633,NA,NA,NA,NA,NA,0,1,0
ABE,L,FAGR,N,1,final,21-Sep,2.382,NA,NA,2.2705,NA,NA,0.953,NA,NA,4.653,NA,NA,1,0.333333333,49.53,12,5,4.9,0.1,0.953,4.653,2.382,2.2705,0,0,0
ABE,L,FAGR,N,2,final,21-Sep,2.34,NA,NA,3.246,2.212,NA,1.387,NA,NA,5.586,2.212,NA,2,0.666666667,39.751,21.5,6,4.6,1.4,1.387,3.899,2.34,2.729,1,0,0
ABE,L,FAGR,N,3,final,21-Sep,2.72,NA,NA,1.915,NA,NA,0.704,NA,NA,4.635,NA,NA,1,0.333333333,44.45,15,5,5.333,-0.333,0.704,4.635,2.72,1.915,1,0,0
ABE,L,FAGR,N,4,final,21-Sep,NA,NA,NA,NA,NA,NA,NA,NA,NA,NA,NA,NA,0,0,0,NA,NA,4.5,NA,NA,NA,NA,NA,0,1,1
JAY,L,FAGR,N,1,final,21-Sep,NA,NA,NA,NA,NA,NA,NA,NA,NA,NA,NA,NA,0,0,0,NA,NA,2.6,NA,NA,NA,NA,NA,0,0,0
JAY,L,FAGR,N,2,final,21-Sep,0.335,0.241,0.183,0.394,0.3425,0.297,1.176,1.421,1.623,0.729,0.584,0.48,3,1,18.7198,5.33,3.67,2.933,0.737,1.406666667,0.597666667,0.253,0.3445,0,0,0
JAY,L,FAGR,N,3,final,21-Sep,0.13,0.123,NA,0.258,0.1075,NA,1.985,0.874,NA,0.388,0.231,NA,2,0.666666667,12.319,4,3.5,3.467,0.033,1.4295,0.3095,0.1265,0.18275,0,0,0
JAY,L,FAGR,N,4,final,21-Sep,0.296,0.272,0.204,0.514,0.459,0.2215,1.736,1.688,1.086,0.81,0.731,0.426,3,1,15.748,3.67,3.33,2.733,0.597,1.503333333,0.655666667,0.257333333,0.398166667,0,0,0
KIL,L,FAGR,N,1,final,21-Sep,2.16,1.995,1.438,2.003,1.831,1.8065,0.927,0.918,1.256,4.163,3.826,3.245,3,1,29.5402,12,5.67,4,1.67,1.033666667,3.744666667,1.864333333,1.880166667,0,1,0
KIL,L,FAGR,N,2,final,21-Sep,1.299,NA,NA,1.293,NA,NA,0.995,NA,NA,2.592,NA,NA,1,0.333333333,24.892,6,6,4.933,1.067,0.995,2.592,1.299,1.293,0,0,0
KIL,L,FAGR,N,3,final,21-Sep,NA,NA,NA,NA,NA,NA,NA,NA,NA,NA,NA,NA,0,0,0,NA,NA,4.1,NA,NA,NA,NA,NA,1,0,0
KIL,L,FAGR,N,4,final,21-Sep,2.156,1.836,1.162,2.291,2.088,1.129,1.063,1.137,0.972,4.447,3.924,2.291,3,1,37.4142,16,5,3.733,1.267,1.057333333,3.554,1.718,1.836,1,1,0
MAN,L,FAGR,N,1,final,21-Sep,NA,NA,NA,NA,NA,NA,NA,NA,NA,NA,NA,NA,0,0,0,NA,NA,1.733,NA,NA,NA,NA,NA,0,0,0
MAN,L,FAGR,N,2,final,21-Sep,NA,NA,NA,NA,NA,NA,NA,NA,NA,NA,NA,NA,0,0,0,NA,NA,2.133,NA,NA,NA,NA,NA,0,0,0
MAN,L,FAGR,N,3,final,21-Sep,NA,NA,NA,NA,NA,NA,NA,NA,NA,NA,NA,NA,0,0,0,NA,NA,3.567,NA,NA,NA,NA,NA,0,1,0
MAN,L,FAGR,N,4,final,21-Sep,0.478,NA,NA,1.015,NA,NA,2.123,NA,NA,1.493,NA,NA,1,0.333333333,18.796,3,4,3.533,0.467,2.123,1.493,0.478,1.015,0,0,0
ABE,M,ACSA,C,1,final,21-Sep,4.036,NA,NA,7.1775,NA,NA,1.778,NA,NA,11.214,NA,NA,1,0.333333333,28.448,12,8,6.2,1.8,1.778,11.214,4.036,7.1775,0,1,0
ABE,M,ACSA,C,2,final,21-Sep,1.516,1.466,0.992,3.339,2.9125,2.6805,2.203,1.987,2.702,4.855,4.379,3.673,3,1,17.7038,5.33,6,5.467,0.533,2.297333333,4.302333333,1.324666667,2.977333333,0,1,0
ABE,M,ACSA,C,3,final,21-Sep,NA,NA,NA,NA,NA,NA,NA,NA,NA,NA,NA,NA,0,0,0,NA,NA,4.233,NA,NA,NA,NA,NA,0,1,1
ABE,M,ACSA,C,4,final,21-Sep,3.261,1.78,NA,4.4065,3.166,NA,1.351,1.779,NA,7.668,4.946,NA,2,0.666666667,25.4,12.5,5.5,4.933,0.567,1.565,6.307,2.5205,3.78625,1,0,0
JAY,M,ACSA,C,1,final,21-Sep,2.316,1.846,NA,3.196,2.288,NA,1.38,1.239,NA,5.512,4.134,NA,2,0.666666667,21.971,12,5.5,5.267,0.233,1.3095,4.823,2.081,2.742,0,0,0
JAY,M,ACSA,C,2,final,21-Sep,1.749,1.492,1.093,2.461,1.9605,1.3185,1.407,1.314,1.206,4.21,3.453,2.412,3,1,20.9042,8.67,6.67,4.067,2.603,1.309,3.358333333,1.444666667,1.913333333,0,1,0
JAY,M,ACSA,C,3,final,21-Sep,1.94,1.87,1.731,5.6915,3.157,2.227,2.934,1.688,1.287,7.632,5.027,3.958,3,1,27.3558,4.33,7,4.667,2.333,1.969666667,5.539,1.847,3.691833333,0,1,1
JAY,M,ACSA,C,4,final,21-Sep,1.87,NA,NA,2.748,NA,NA,1.47,NA,NA,4.618,NA,NA,1,0.333333333,26.416,6,8,5.8,2.2,1.47,4.618,1.87,2.748,0,1,0
KIL,M,ACSA,C,1,final,21-Sep,1.626,0.959,NA,3.2795,1.669,NA,2.017,1.74,NA,4.906,2.628,NA,2,0.666666667,18.669,5,6.5,5.067,1.433,1.8785,3.767,1.2925,2.47425,0,1,0
KIL,M,ACSA,C,2,final,21-Sep,NA,NA,NA,NA,NA,NA,NA,NA,NA,NA,NA,NA,0,0,0,NA,NA,4.9,NA,NA,NA,NA,NA,0,1,0
KIL,M,ACSA,C,3,final,21-Sep,NA,NA,NA,NA,NA,NA,NA,NA,NA,NA,NA,NA,0,0,0,NA,NA,4.367,NA,NA,NA,NA,NA,0,1,1
KIL,M,ACSA,C,4,final,21-Sep,1.319,NA,NA,2.3215,NA,NA,1.76,NA,NA,3.641,NA,NA,1,0.333333333,21.336,3,6,5.367,0.633,1.76,3.641,1.319,2.3215,0,1,0
MAN,M,ACSA,C,1,final,21-Sep,1.385,0.831,NA,2.198,1.8975,NA,1.587,2.283,NA,3.583,2.729,NA,2,0.666666667,17.018,4.5,6,4.933,1.067,1.935,3.156,1.108,2.04775,0,1,1
MAN,M,ACSA,C,2,final,21-Sep,1.268,0.898,0.336,2.875,2.52,1.4775,2.267,2.806,4.397,4.143,3.418,1.814,3,1,20.574,5.33,5.67,3.733,1.937,3.156666667,3.125,0.834,2.290833333,0,1,0
MAN,M,ACSA,C,3,final,21-Sep,3.126,2.023,1.282,4.975,3.657,2.468,1.591,1.808,1.925,8.101,5.68,3.75,3,1,23.6982,10.67,6.33,4.6,1.73,1.774666667,5.843666667,2.143666667,3.7,0,1,1
MAN,M,ACSA,C,4,final,21-Sep,1.931,0.832,NA,4.3625,1.552,NA,2.259,1.865,NA,6.294,2.384,NA,2,0.666666667,18.669,6,5.5,3.933,1.567,2.062,4.339,1.3815,2.95725,0,1,0
ABE,M,FAGR,C,1,final,21-Sep,1.148,NA,NA,1.1915,NA,NA,1.038,NA,NA,2.34,NA,NA,1,0.333333333,37.846,10,4,4.8,-0.8,1.038,2.34,1.148,1.1915,0,1,0
ABE,M,FAGR,C,2,final,21-Sep,NA,NA,NA,NA,NA,NA,NA,NA,NA,NA,NA,NA,0,0,0,NA,NA,4.167,NA,NA,NA,NA,NA,1,1,0
ABE,M,FAGR,C,3,final,21-Sep,1.967,NA,NA,2.1065,NA,NA,1.071,NA,NA,4.074,NA,NA,1,0.333333333,44.196,9,5,4.6,0.4,1.071,4.074,1.967,2.1065,1,1,0
ABE,M,FAGR,C,4,final,21-Sep,NA,NA,NA,NA,NA,NA,NA,NA,NA,NA,NA,NA,0,0,0,NA,NA,3.8,NA,NA,NA,NA,NA,0,1,0
JAY,M,FAGR,C,1,final,21-Sep,NA,NA,NA,NA,NA,NA,NA,NA,NA,NA,NA,NA,0,0,0,NA,NA,3.1,NA,NA,NA,NA,NA,1,0,0
JAY,M,FAGR,C,2,final,21-Sep,0.239,NA,NA,0.438,NA,NA,1.833,NA,NA,0.677,NA,NA,1,0.333333333,22.86,2,4,2.567,1.433,1.833,0.677,0.239,0.438,0,0,0
JAY,M,FAGR,C,3,final,21-Sep,NA,NA,NA,NA,NA,NA,NA,NA,NA,NA,NA,NA,0,0,0,NA,NA,2.8,NA,NA,NA,NA,NA,0,0,0
JAY,M,FAGR,C,4,final,21-Sep,0.453,NA,NA,0.3975,NA,NA,0.877,NA,NA,0.851,NA,NA,1,0.333333333,19.558,3,4,2.867,1.133,0.877,0.851,0.453,0.3975,0,0,0
KIL,M,FAGR,C,1,final,21-Sep,1.525,0.891,NA,1.3255,1.066,NA,0.869,1.196,NA,2.851,1.957,NA,2,0.666666667,37.719,9,4.5,3.6,0.9,1.0325,2.404,1.208,1.19575,0,1,0
KIL,M,FAGR,C,2,final,21-Sep,NA,NA,NA,NA,NA,NA,NA,NA,NA,NA,NA,NA,0,0,0,NA,NA,2.833,NA,NA,NA,NA,NA,0,0,0
KIL,M,FAGR,C,3,final,21-Sep,5.977,NA,NA,5.763,NA,NA,0.964,NA,NA,11.74,NA,NA,1,0.333333333,52.578,35,8,6.2,1.8,0.964,11.74,5.977,5.763,1,1,0
KIL,M,FAGR,C,4,final,21-Sep,NA,NA,NA,NA,NA,NA,NA,NA,NA,NA,NA,NA,0,0,0,NA,NA,4.3,NA,NA,NA,NA,NA,0,1,0
MAN,M,FAGR,C,1,final,21-Sep,1.134,NA,NA,1.542,NA,NA,1.36,NA,NA,2.676,NA,NA,1,0.333333333,34.29,6,5,3.6,1.4,1.36,2.676,1.134,1.542,0,1,0
MAN,M,FAGR,C,2,final,21-Sep,NA,NA,NA,NA,NA,NA,NA,NA,NA,NA,NA,NA,0,0,0,NA,NA,4.3,NA,NA,NA,NA,NA,0,1,0
MAN,M,FAGR,C,3,final,21-Sep,1.196,NA,NA,1.5795,NA,NA,1.321,NA,NA,2.776,NA,NA,1,0.333333333,37.084,4,5,4.1,0.9,1.321,2.776,1.196,1.5795,0,1,0
MAN,M,FAGR,C,4,final,21-Sep,1.482,NA,NA,1.3365,NA,NA,0.902,NA,NA,2.819,NA,NA,1,0.333333333,33.782,9,5,4.133,0.867,0.902,2.819,1.482,1.3365,0,0,0
ABE,M,ACSA,D,1,final,21-Sep,0.725,NA,NA,1.0965,NA,NA,1.512,NA,NA,1.822,NA,NA,1,0.333333333,27.432,1,5,4.067,0.933,1.512,1.822,0.725,1.0965,1,1,0
ABE,M,ACSA,D,2,final,21-Sep,3.409,NA,NA,3.9135,NA,NA,1.148,NA,NA,7.323,NA,NA,1,0.333333333,39.624,14,7,5.733,1.267,1.148,7.323,3.409,3.9135,1,1,1
ABE,M,ACSA,D,3,final,21-Sep,NA,NA,NA,NA,NA,NA,NA,NA,NA,NA,NA,NA,0,0,0,NA,NA,5.767,NA,NA,NA,NA,NA,0,1,0
ABE,M,ACSA,D,4,final,21-Sep,NA,NA,NA,NA,NA,NA,NA,NA,NA,NA,NA,NA,0,0,0,NA,NA,5.867,NA,NA,NA,NA,NA,0,0,0
JAY,M,ACSA,D,1,final,21-Sep,1.54,1.046,1.126,2.589,2.125,1.781,1.681,2.032,1.582,4.129,3.171,2.907,3,1,27.94,6.33,5.33,5,0.33,1.765,3.402333333,1.237333333,2.165,0,0,0
JAY,M,ACSA,D,2,final,21-Sep,4.605,2.999,1.058,10.009,6.087,2.253,2.174,2.03,2.129,14.614,9.086,3.311,3,1,24.638,14,6.67,4.8,1.87,2.111,9.003666667,2.887333333,6.116333333,0,0,0
JAY,M,ACSA,D,3,final,21-Sep,3.063,2.277,1.548,8.6715,3.8505,1.584,2.831,1.691,1.023,11.735,6.128,3.132,3,1,29.0322,13,7.67,3.967,3.703,1.848333333,6.998333333,2.296,4.702,0,1,0
JAY,M,ACSA,D,4,final,21-Sep,NA,NA,NA,NA,NA,NA,NA,NA,NA,NA,NA,NA,0,0,0,NA,NA,5.367,NA,NA,NA,NA,NA,1,0,1
KIL,M,ACSA,D,1,final,21-Sep,1.317,0.373,NA,2.661,0.743,NA,2.021,1.992,NA,3.978,1.116,NA,2,0.666666667,14.097,4.5,5,4.733,0.267,2.0065,2.547,0.845,1.702,1,1,1
KIL,M,ACSA,D,2,final,21-Sep,NA,NA,NA,NA,NA,NA,NA,NA,NA,NA,NA,NA,0,0,0,NA,NA,4.4,NA,NA,NA,NA,NA,1,1,0
KIL,M,ACSA,D,3,final,21-Sep,NA,NA,NA,NA,NA,NA,NA,NA,NA,NA,NA,NA,0,0,0,NA,NA,5.133,NA,NA,NA,NA,NA,0,1,0
KIL,M,ACSA,D,4,final,21-Sep,NA,NA,NA,NA,NA,NA,NA,NA,NA,NA,NA,NA,0,0,0,NA,NA,4.633,NA,NA,NA,NA,NA,0,1,1
MAN,M,ACSA,D,1,final,21-Sep,1.947,NA,NA,1.766,NA,NA,0.907,NA,NA,3.713,NA,NA,1,0.333333333,23.114,11,6,4.867,1.133,0.907,3.713,1.947,1.766,0,0,0
MAN,M,ACSA,D,2,final,21-Sep,3.021,2.914,2.342,3.971,3.9385,2.733,1.314,1.352,1.167,6.992,6.853,5.075,3,1,29.7942,9.67,6,5.433,0.567,1.277666667,6.306666667,2.759,3.5475,0,0,0
MAN,M,ACSA,D,3,final,21-Sep,2.784,2.34,1.699,9.9125,3.888,2.598,3.561,1.662,1.529,12.697,6.228,4.297,3,1,26.416,8.33,6.67,4.867,1.803,2.250666667,7.740666667,2.274333333,5.466166667,0,1,1
MAN,M,ACSA,D,4,final,21-Sep,2.043,0.927,NA,2.214,1.302,NA,1.084,1.405,NA,4.257,2.229,NA,2,0.666666667,17.78,7.5,7,3.8,3.2,1.2445,3.243,1.485,1.758,1,1,0
ABE,M,FAGR,D,1,final,21-Sep,2.471,1.77,NA,2.306,1.8425,NA,0.933,1.041,NA,4.777,3.613,NA,2,0.666666667,39.878,19,5,5.3,-0.3,0.987,4.195,2.1205,2.07425,1,1,0
ABE,M,FAGR,D,2,final,21-Sep,1.242,NA,NA,1.5565,NA,NA,1.253,NA,NA,2.799,NA,NA,1,0.333333333,44.196,5,5,3.833,1.167,1.253,2.799,1.242,1.5565,0,1,0
ABE,M,FAGR,D,3,final,21-Sep,2.285,NA,NA,1.376,NA,NA,0.602,NA,NA,3.661,NA,NA,1,0.333333333,46.482,20,5,4.267,0.733,0.602,3.661,2.285,1.376,0,1,0
ABE,M,FAGR,D,4,final,21-Sep,1.665,1.128,NA,1.077,1.044,NA,0.647,0.926,NA,2.742,2.172,NA,2,0.666666667,30.099,8,5,4.7,0.3,0.7865,2.457,1.3965,1.0605,0,0,0
JAY,M,FAGR,D,1,final,21-Sep,0.241,NA,NA,0.6825,NA,NA,2.832,NA,NA,0.924,NA,NA,1,0.333333333,13.97,5,4,2.433,1.567,2.832,0.924,0.241,0.6825,0,0,0
JAY,M,FAGR,D,2,final,21-Sep,0.493,NA,NA,0.9715,NA,NA,1.971,NA,NA,1.465,NA,NA,1,0.333333333,24.892,8,5,3.733,1.267,1.971,1.465,0.493,0.9715,0,0,0
JAY,M,FAGR,D,3,final,21-Sep,0.837,NA,NA,0.8265,NA,NA,0.987,NA,NA,1.664,NA,NA,1,0.333333333,22.86,7,5,3.333,1.667,0.987,1.664,0.837,0.8265,0,0,0
JAY,M,FAGR,D,4,final,21-Sep,0.46,0.453,NA,1.008,0.514,NA,2.191,1.135,NA,1.468,0.967,NA,2,0.666666667,17.907,8,5,3.3,1.7,1.663,1.2175,0.4565,0.761,1,0,0
KIL,M,FAGR,D,1,final,21-Sep,1.428,1.055,NA,1.4225,1.193,NA,0.996,1.131,NA,2.851,2.248,NA,2,0.666666667,38.608,11.5,4,3.8,0.2,1.0635,2.5495,1.2415,1.30775,0,1,0
KIL,M,FAGR,D,2,final,21-Sep,1.662,1.27,NA,1.676,0.985,NA,1.008,0.776,NA,3.338,2.255,NA,2,0.666666667,43.815,4.5,4.5,3.333,1.167,0.892,2.7965,1.466,1.3305,0,1,0
KIL,M,FAGR,D,3,final,21-Sep,1.626,1.072,NA,2.253,1.08,NA,1.386,1.007,NA,3.879,2.152,NA,2,0.666666667,35.433,7,4,3.867,0.133,1.1965,3.0155,1.349,1.6665,0,1,0
KIL,M,FAGR,D,4,final,21-Sep,NA,NA,NA,NA,NA,NA,NA,NA,NA,NA,NA,NA,0,0,0,NA,NA,4.667,NA,NA,NA,NA,NA,1,1,0
MAN,M,FAGR,D,1,final,21-Sep,2.957,2.877,2.845,2.482,2.471,2.114,0.839,0.859,0.743,5.439,5.348,4.959,3,1,41.3258,28.33,6.67,4.8,1.87,0.813666667,5.248666667,2.893,2.355666667,0,1,0
MAN,M,FAGR,D,2,final,21-Sep,2.062,1.868,1.596,2.665,2.106,1.519,1.292,1.127,0.952,4.727,3.974,3.115,3,1,37.4142,18,5,4.567,0.433,1.123666667,3.938666667,1.842,2.096666667,0,1,0
MAN,M,FAGR,D,3,final,21-Sep,2.17,2.109,1.821,3.143,2.634,2.146,1.448,1.249,1.178,5.313,4.743,3.967,3,1,46.736,17.33,4.67,4.367,0.303,1.291666667,4.674333333,2.033333333,2.641,0,1,0
MAN,M,FAGR,D,4,final,21-Sep,NA,NA,NA,NA,NA,NA,NA,NA,NA,NA,NA,NA,0,0,0,NA,NA,4.433,NA,NA,NA,NA,NA,1,0,0
ABE,M,ACSA,N,1,final,21-Sep,1.573,1.069,NA,2.3955,1.865,NA,1.523,1.745,NA,3.969,2.934,NA,2,0.666666667,19.685,4,6.5,5.167,1.333,1.634,3.4515,1.321,2.13025,0,0,1
ABE,M,ACSA,N,2,final,21-Sep,2.199,NA,NA,3.8485,NA,NA,1.75,NA,NA,6.048,NA,NA,1,0.333333333,22.352,5,7,5.9,1.1,1.75,6.048,2.199,3.8485,1,1,1
ABE,M,ACSA,N,3,final,21-Sep,2.503,NA,NA,5.25,NA,NA,2.097,NA,NA,7.753,NA,NA,1,0.333333333,25.4,8,7,5.333,1.667,2.097,7.753,2.503,5.25,0,1,1
ABE,M,ACSA,N,4,final,21-Sep,3.026,2.53,2.107,4.9095,3.104,1.3135,1.622,1.227,0.623,7.936,5.634,3.421,3,1,31.6738,10.67,6,5.833,0.167,1.157333333,5.663666667,2.554333333,3.109,0,1,0
JAY,M,ACSA,N,1,final,21-Sep,3.934,1.418,1.371,5.0535,4.606,2.818,1.285,3.248,2.055,8.988,6.024,4.189,3,1,28.5242,9,6.67,4.667,2.003,2.196,6.400333333,2.241,4.159166667,0,1,0
JAY,M,ACSA,N,2,final,21-Sep,3.013,1.157,1.184,6.37,2.602,1.244,2.114,2.249,1.051,9.383,3.759,2.428,3,1,24.7142,9,5.67,5.133,0.537,1.804666667,5.19,1.784666667,3.405333333,0,0,0
JAY,M,ACSA,N,3,final,21-Sep,4.624,3.943,3.199,9.835,8.704,5.601,2.127,2.207,1.751,14.459,12.647,8.8,3,1,33.3502,15,8,4.833,3.167,2.028333333,11.96866667,3.922,8.046666667,0,0,0
JAY,M,ACSA,N,4,final,21-Sep,4.26,3.875,3.832,11.056,8.9005,5.5586,2.595,2.297,1.451,15.316,12.776,9.391,3,1,38.6842,19.33,8.67,5.733,2.937,2.114333333,12.49433333,3.989,8.505033333,0,0,0
KIL,M,ACSA,N,1,final,21-Sep,2.923,1.861,1.606,10.082,4.497,3.649,3.449,2.416,2.272,13.005,6.358,5.255,3,1,27.0002,13,6.33,5.433,0.897,2.712333333,8.206,2.13,6.076,0,1,0
KIL,M,ACSA,N,2,final,21-Sep,1.533,NA,NA,2.877,NA,NA,1.877,NA,NA,4.41,NA,NA,1,0.333333333,27.432,5,6,4.7,1.3,1.877,4.41,1.533,2.877,0,1,0
KIL,M,ACSA,N,3,final,21-Sep,NA,NA,NA,NA,NA,NA,NA,NA,NA,NA,NA,NA,0,0,0,NA,NA,5.8,NA,NA,NA,NA,NA,0,1,1
KIL,M,ACSA,N,4,final,21-Sep,1.403,NA,NA,3.9595,NA,NA,2.822,NA,NA,5.363,NA,NA,1,0.333333333,21.844,10,7,4.967,2.033,2.822,5.363,1.403,3.9595,0,1,0
MAN,M,ACSA,N,1,final,21-Sep,3.781,2.258,1.531,7.224,3.64,3.306,1.911,1.612,2.159,11.005,5.898,4.837,3,1,26.0858,7,6.67,4.933,1.737,1.894,7.246666667,2.523333333,4.723333333,0,1,0
MAN,M,ACSA,N,2,final,21-Sep,2.667,2.01,2.005,5.4545,5.1975,4.469,2.045,2.586,2.229,8.122,7.208,6.474,3,1,25.9842,8.67,6.67,5.567,1.103,2.286666667,7.268,2.227333333,5.040333333,0,0,0
MAN,M,ACSA,N,3,final,21-Sep,2.224,1.945,1.42,5.1155,2.804,2.255,2.3,1.442,1.588,7.34,4.749,3.675,3,1,25.7302,4.67,6.33,4.433,1.897,1.776666667,5.254666667,1.863,3.3915,0,1,0
MAN,M,ACSA,N,4,final,21-Sep,1.646,1.067,NA,2.8115,1.969,NA,1.708,1.845,NA,4.458,3.036,NA,2,0.666666667,21.971,3.5,5.5,4.633,0.867,1.7765,3.747,1.3565,2.39025,1,1,0
ABE,M,FAGR,N,1,final,21-Sep,NA,NA,NA,NA,NA,NA,NA,NA,NA,NA,NA,NA,0,0,0,NA,NA,4.867,NA,NA,NA,NA,NA,1,1,0
ABE,M,FAGR,N,2,final,21-Sep,0.795,NA,NA,1.3825,NA,NA,1.739,NA,NA,2.178,NA,NA,1,0.333333333,27.178,3,5,4.833,0.167,1.739,2.178,0.795,1.3825,0,1,0
ABE,M,FAGR,N,3,final,21-Sep,1.635,NA,NA,1.814,NA,NA,1.109,NA,NA,3.449,NA,NA,1,0.333333333,41.656,15,5,3.967,1.033,1.109,3.449,1.635,1.814,0,0,0
ABE,M,FAGR,N,4,final,21-Sep,1.304,NA,NA,1.1485,NA,NA,0.881,NA,NA,2.453,NA,NA,1,0.333333333,39.878,9,5,4.7,0.3,0.881,2.453,1.304,1.1485,0,1,1
JAY,M,FAGR,N,1,final,21-Sep,0.581,0.372,NA,1.0025,0.606,NA,1.725,1.629,NA,1.584,0.978,NA,2,0.666666667,21.717,4,4.5,3.8,0.7,1.677,1.281,0.4765,0.80425,0,1,0
JAY,M,FAGR,N,2,final,21-Sep,0.792,0.44,NA,1.0655,0.696,NA,1.345,1.582,NA,1.858,1.136,NA,2,0.666666667,26.162,5.5,4.5,3.467,1.033,1.4635,1.497,0.616,0.88075,0,0,0
JAY,M,FAGR,N,3,final,21-Sep,0.59,NA,NA,0.858,NA,NA,1.454,NA,NA,1.448,NA,NA,1,0.333333333,21.59,8,5,3.733,1.267,1.454,1.448,0.59,0.858,1,0,0
JAY,M,FAGR,N,4,final,21-Sep,0.647,NA,NA,0.6315,NA,NA,0.976,NA,NA,1.279,NA,NA,1,0.333333333,22.352,7,4,3.5,0.5,0.976,1.279,0.647,0.6315,0,0,0
KIL,M,FAGR,N,1,final,21-Sep,1.248,NA,NA,1.1105,NA,NA,0.89,NA,NA,2.359,NA,NA,1,0.333333333,37.846,11,4,4.567,-0.567,0.89,2.359,1.248,1.1105,0,0,0
KIL,M,FAGR,N,2,final,21-Sep,0.929,NA,NA,0.8585,NA,NA,0.924,NA,NA,1.788,NA,NA,1,0.333333333,30.226,9,4,4.367,-0.367,0.924,1.788,0.929,0.8585,0,0,0
KIL,M,FAGR,N,3,final,21-Sep,1.626,NA,NA,1.607,NA,NA,0.988,NA,NA,3.233,NA,NA,1,0.333333333,37.084,3,5,3.267,1.733,0.988,3.233,1.626,1.607,0,0,0
KIL,M,FAGR,N,4,final,21-Sep,1.368,NA,NA,2.109,NA,NA,1.542,NA,NA,3.477,NA,NA,1,0.333333333,29.21,11,5,3.633,1.367,1.542,3.477,1.368,2.109,0,1,0
MAN,M,FAGR,N,1,final,21-Sep,1.916,1.566,1.456,2.0895,2.037,1.8355,1.091,1.301,1.261,4.006,3.603,3.292,3,1,41.7322,14.67,5,4.1,0.9,1.217666667,3.633666667,1.646,1.987333333,0,1,0
MAN,M,FAGR,N,2,final,21-Sep,1.86,1.232,1.096,1.3295,1.219,1.212,0.715,0.989,1.106,3.19,2.451,2.308,3,1,36.576,9.33,4.33,3.867,0.463,0.936666667,2.649666667,1.396,1.2535,0,1,0
MAN,M,FAGR,N,3,final,21-Sep,1.526,1.076,NA,1.679,0.9665,NA,1.1,0.898,NA,3.205,2.043,NA,2,0.666666667,43.307,11,4.5,4.233,0.267,0.999,2.624,1.301,1.32275,0,1,0
MAN,M,FAGR,N,4,final,21-Sep,NA,NA,NA,NA,NA,NA,NA,NA,NA,NA,NA,NA,0,0,0,NA,NA,3.567,NA,NA,NA,NA,NA,1,0,0
